company,year,LPS,OPS,zLPS,zOPS,GDS,ticker,market_cap,log_market_cap,total_debt,total_assets,leverage,source_year,sector,ticker_tracker,event_date,date_type,event_study_ready,sector_clean
ABB India,FY2022-23,0.062901,0.783182,0.973922,1.234276,-0.260354,ABB.NS,568550170125.0,27.066355,330900000.0,93182300000.0,0.003551,mcap=2022-12-30;bs=2022-12-31,Infrastructure,ABB.NS,2023-06-08,brsr_filing,True,Infrastructure
ABB India,FY2023-24,0.048783,0.690851,0.566667,1.122017,-0.55535,ABB.NS,990639887562.93,27.621617,489800000.0,110011900000.0,0.004452,mcap=2023-12-29;bs=2023-12-31,Infrastructure,ABB.NS,2024-04-05,brsr_filing,True,Infrastructure
ACC,FY2022-23,0.008873,-1.136838,-0.722637,-1.948837,1.226201,ACC.NS,458501399679.4,26.851229,1318100000.0,200898600000.0,0.006561,mcap=2022-12-30;bs=2022-12-31,Cement,ACC.NS,2023-08-24,brsr_filing,True,Cement
ACC,FY2023-24,-0.001742,-0.717842,-1.043572,-1.342615,0.299043,ACC.NS,467909514047.8,26.871541,3548500000.0,233677400000.0,0.015185,mcap=2024-03-28;bs=2024-03-31,Cement,ACC.NS,2024-05-29,brsr_filing,True,Cement
Adani Enterprises,FY2022-23,0.038251,-0.305997,0.199874,-0.571424,0.771298,ADANIENT.NS,2058327786569.79,28.352915,530126000000.0,1414878200000.0,0.37468,mcap=2023-03-31;bs=2023-03-31,Energy,ADANIENT.NS,2023-06-27,brsr_filing,True,Energy
Adani Enterprises,FY2023-24,0.043447,-0.347954,0.396612,-0.695464,1.092076,ADANIENT.NS,3759421949222.42,28.955286,653101500000.0,1607318500000.0,0.40633,mcap=2024-03-28;bs=2024-03-31,Energy,ADANIENT.NS,2024-05-29,brsr_filing,True,Energy
Adani Green,FY2022-23,0.016154,0.862798,-0.49401,1.366267,-1.860276,ADANIGREEN.NS,1395770256662.37,27.964468,542240000000.0,673610000000.0,0.804976,mcap=2023-03-31;bs=2023-03-31,Energy,ADANIGREEN.NS,2023-10-06,brsr_filing,True,Energy
Adani Green,FY2023-24,0.016742,0.508874,-0.454496,0.803632,-1.258129,ADANIGREEN.NS,2906937240674.37,28.698121,648580000000.0,885380000000.0,0.732544,mcap=2024-03-28;bs=2024-03-31,Energy,ADANIGREEN.NS,2024-07-09,brsr_filing,True,Energy
Adani Ports,FY2022-23,0.030888,-0.150782,-0.031355,-0.314101,0.282746,ADANIPORTS.NS,1364991852083.27,27.94217,524428400000.0,1147630900000.0,0.456966,mcap=2023-03-31;bs=2023-03-31,Infrastructure,ADANIPORTS.NS,2023-07-17,brsr_filing,True,Infrastructure
Adani Ports,FY2023-24,0.022593,-0.272368,-0.268009,-0.563219,0.29521,ADANIPORTS.NS,2898582390610.48,28.695243,491666600000.0,1189178700000.0,0.413451,mcap=2024-03-28;bs=2024-03-31,Infrastructure,ADANIPORTS.NS,2024-05-28,brsr_filing,True,Infrastructure
Alkem Labs,FY2022-23,0.014277,0.115786,-0.552964,0.12783,-0.680794,ALKEM.NS,406054708176.27,26.729754,13966800000.0,137566500000.0,0.101528,mcap=2023-03-31;bs=2023-03-31,Pharma,ALKEM.NS,2023-08-10,brsr_filing,True,Pharma
Alkem Labs,FY2023-24,0.035291,0.00363,0.136667,-0.080336,0.217003,ALKEM.NS,590890230000.0,27.104896,14184100000.0,155749000000.0,0.09107,mcap=2024-03-28;bs=2024-03-31,Pharma,ALKEM.NS,2024-07-26,brsr_filing,True,Pharma
Ambuja Cements,FY2022-23,0.028542,-1.174609,-0.105019,-2.011457,1.906438,AMBUJACEM.NS,1070583513088.0,27.699225,8659300352.0,,0.01205,mcap=current_proxy;bs=current_proxy+debt_current_proxy,Cement,AMBUJACEM.NS,2023-08-24,brsr_filing,True,Cement
Ambuja Cements,FY2023-24,0.002111,-0.572915,-0.920757,-1.089052,0.168295,AMBUJACEM.NS,1345746836985.25,27.92797,6990100000.0,651036800000.0,0.010737,mcap=2024-03-28;bs=2024-03-31,Cement,AMBUJACEM.NS,2024-06-01,brsr_filing,True,Cement
Angel One,FY2022-23,0.030407,0.594633,-0.046455,0.921688,-0.968143,ANGELONE.NS,97004648876.77,25.298025,7878520000.0,74776710000.0,0.105361,mcap=2023-03-31;bs=2023-03-31,Financial Services,ANGELONE.NS,2023-07-19,brsr_filing,True,Financial Services
Angel One,FY2023-24,0.041745,0.30355,0.342359,0.4444,-0.102041,ANGELONE.NS,255804932460.0,26.267681,25411220000.0,132537330000.0,0.191729,mcap=2024-03-28;bs=2024-03-31,Financial Services,ANGELONE.NS,2024-07-18,brsr_filing,True,Financial Services
Apollo Hospitals,FY2022-23,0.035894,-0.108088,0.125869,-0.24332,0.36919,APOLLOHOSP.NS,619841263819.83,27.152729,43324000000.0,144278000000.0,0.300281,mcap=2023-03-31;bs=2023-03-31,Pharma,APOLLOHOSP.NS,2023-08-24,brsr_filing,True,Pharma
Apollo Hospitals,FY2023-24,0.076803,-0.413707,1.459643,-0.810504,2.270148,APOLLOHOSP.NS,914010279534.66,27.541108,53326000000.0,167531000000.0,0.318305,mcap=2024-03-28;bs=2024-03-31,Pharma,APOLLOHOSP.NS,2024-08-29,brsr_filing,True,Pharma
Ashok Leyland,FY2022-23,0.035082,-0.078244,0.100361,-0.193843,0.294204,ASHOKLEY.NS,408708907858.85,26.736269,311609300000.0,547460100000.0,0.569191,mcap=2023-03-31;bs=2023-03-31,Auto,ASHOKLEY.NS,2023-06-28,brsr_filing,True,Auto
Ashok Leyland,FY2023-24,0.056878,-0.077119,0.824627,-0.221614,1.046241,ASHOKLEY.NS,502846046015.0,26.94355,408021800000.0,675956000000.0,0.603622,mcap=2024-03-28;bs=2024-03-31,Auto,ASHOKLEY.NS,2024-07-03,brsr_filing,True,Auto
Asian Paints,FY2022-23,0.005295,0.754188,-0.835004,1.186207,-2.021212,ASIANPAINT.NS,2647980754139.42,28.604818,19326200000.0,257980000000.0,0.074914,mcap=2023-03-31;bs=2023-03-31,Consumer,ASIANPAINT.NS,2023-06-03,brsr_filing,True,Consumer
Asian Paints,FY2023-24,0.010792,0.264702,-0.644107,0.376431,-1.020539,ASIANPAINT.NS,2729584075551.25,28.63517,24743800000.0,299240900000.0,0.082689,mcap=2024-03-28;bs=2024-03-31,Consumer,ASIANPAINT.NS,2024-05-31,brsr_filing,True,Consumer
Aurobindo Pharma,FY2022-23,0.056208,-0.267705,0.76374,-0.507942,1.271682,AUROPHARMA.NS,303574779017.76,26.438894,52862100000.0,398899900000.0,0.13252,mcap=2023-03-31;bs=2023-03-31,Pharma,AUROPHARMA.NS,2023-08-11,brsr_filing,True,Pharma
Aurobindo Pharma,FY2023-24,0.032081,-0.171298,0.034365,-0.386389,0.420754,AUROPHARMA.NS,637940660548.75,27.181511,66476300000.0,450715100000.0,0.147491,mcap=2024-03-28;bs=2024-03-31,Pharma,AUROPHARMA.NS,2024-08-05,brsr_filing,True,Pharma
Axis Bank,FY2022-23,0.019123,0.141156,-0.400797,0.16989,-0.570688,AXISBANK.NS,2641477452302.0,28.60236,1984445700000.0,13444179600000.0,0.147606,mcap=2023-03-31;bs=2023-03-31,Banking,AXISBANK.NS,2023-08-02,brsr_filing,True,Banking
Axis Bank,FY2023-24,0.028789,0.283805,-0.070553,0.409855,-0.480408,AXISBANK.NS,3232256345988.56,28.804202,2281995500000.0,15182385300000.0,0.150305,mcap=2024-03-28;bs=2024-03-31,Banking,AXISBANK.NS,2024-07-02,brsr_filing,True,Banking
BPCL,FY2022-23,0.110693,-1.352844,2.474662,-2.306944,4.781606,BPCL.NS,733171498868.37,27.320645,693760300000.0,1881381900000.0,0.36875,mcap=2023-03-31;bs=2023-03-31,Oil & Gas,BPCL.NS,2023-08-03,brsr_filing,True,Oil & Gas
BPCL,FY2023-24,0.098092,-1.414426,2.13812,-2.561349,4.699469,BPCL.NS,1286902616204.38,27.883259,545990500000.0,2024177500000.0,0.269734,mcap=2024-03-28;bs=2024-03-31,Oil & Gas,BPCL.NS,2024-08-08,brsr_filing,True,Oil & Gas
BSE Ltd,FY2022-23,-0.012211,0.571737,-1.384717,0.883731,-2.268448,BSE.NS,58377730396.05,24.7902,200000.0,59938100000.0,3e-06,mcap=2023-03-31;bs=2023-03-31,Financial Services,BSE.NS,2023-08-07,brsr_filing,True,Financial Services
BSE Ltd,FY2023-24,-0.006202,0.554854,-1.185706,0.884078,-2.069784,BSE.NS,340593393175.9,26.553955,200000.0,94502300000.0,2e-06,mcap=2024-03-28;bs=2024-03-31,Financial Services,BSE.NS,2024-06-20,brsr_filing,True,Financial Services
Bajaj Auto,FY2022-23,-0.00386,0.372812,-1.122475,0.553943,-1.676417,BAJAJ-AUTO.NS,1099218596490.5,27.725621,0.0,351364500000.0,0.0,mcap=2023-03-31;bs=2023-03-31,Auto,BAJAJ-AUTO.NS,2023-07-04,brsr_filing,True,Auto
Bajaj Auto,FY2023-24,0.010371,0.135191,-0.657512,0.149841,-0.807352,BAJAJ-AUTO.NS,2553978393905.99,28.568673,17859000000.0,393656800000.0,0.045367,mcap=2024-03-28;bs=2024-03-31,Auto,BAJAJ-AUTO.NS,2024-06-21,brsr_filing,True,Auto
Bajaj Finance,FY2022-23,0.019914,0.278842,-0.375943,0.398154,-0.774097,BAJFINANCE.NS,3394880634354.16,28.85329,1644669400000.0,2752263100000.0,0.59757,mcap=2023-03-31;bs=2023-03-31,FinServ,BAJFINANCE.NS,2023-07-05,brsr_filing,True,Financial Services
Bajaj Finance,FY2023-24,0.013098,0.285611,-0.57062,0.413014,-0.983634,BAJFINANCE.NS,4477622547673.61,29.130113,2184371100000.0,3757416200000.0,0.581349,mcap=2024-03-28;bs=2024-03-31,FinServ,BAJFINANCE.NS,2024-06-27,brsr_filing,True,Financial Services
Bajaj Finserv,FY2022-23,0.018493,0.076985,-0.420572,0.063504,-0.484076,BAJAJFINSV.NS,2014715852323.5,28.331499,1675994100000.0,4055091900000.0,0.413306,mcap=2023-03-31;bs=2023-03-31,Financial Services,BAJAJFINSV.NS,2023-07-10,brsr_filing,True,Financial Services
Bajaj Finserv,FY2023-24,0.006254,0.306846,-0.788738,0.450166,-1.238904,BAJAJFINSV.NS,2620507854159.9,28.594389,2287817000000.0,5379296300000.0,0.4253,mcap=2024-03-28;bs=2024-03-31,Financial Services,BAJAJFINSV.NS,2024-06-28,brsr_filing,True,Financial Services
Bank of Baroda,FY2022-23,0.002289,-0.887746,-0.929389,-1.535879,0.60649,BANKBARODA.NS,873184535487.64,27.495413,1054811554000.0,15258789729000.0,0.069128,mcap=2023-03-31;bs=2023-03-31,Banking,BANKBARODA.NS,2023-06-14,brsr_filing,True,Banking
Bank of Baroda,FY2023-24,-0.017482,-0.065104,-1.545196,-0.200592,-1.344604,BANKBARODA.NS,1365498120237.97,27.94254,930891013000.0,16547793845000.0,0.056255,mcap=2024-03-28;bs=2024-03-31,Banking,BANKBARODA.NS,2024-06-11,brsr_filing,True,Banking
Bharti Airtel,FY2022-23,0.058268,-0.085966,0.828449,-0.206645,1.035094,BHARTIARTL.NS,4467411675930.0,29.12783,2260203000000.0,4466332000000.0,0.506054,mcap=2023-03-31;bs=2023-03-31,Telecom,BHARTIARTL.NS,2023-08-03,brsr_filing,True,Telecom
Bharti Airtel,FY2023-24,0.027091,0.058678,-0.124659,0.015976,-0.140634,BHARTIARTL.NS,7425973637740.94,29.636005,2155923000000.0,4445310000000.0,0.484988,mcap=2024-03-28;bs=2024-03-31,Telecom,BHARTIARTL.NS,2024-07-30,brsr_filing,True,Telecom
Biocon,FY2022-23,0.011689,-0.168102,-0.634211,-0.342815,-0.291396,BIOCON.NS,246379375785.72,26.230138,180188000000.0,520428000000.0,0.34623,mcap=2023-03-31;bs=2023-03-31,Pharma,BIOCON.NS,2023-08-09,brsr_filing,True,Pharma
Biocon,FY2023-24,-0.010185,-0.048604,-1.312627,-0.171724,-1.140903,BIOCON.NS,316136028690.58,26.479438,162767000000.0,560707000000.0,0.290289,mcap=2024-03-28;bs=2024-03-31,Pharma,BIOCON.NS,2024-07-18,brsr_filing,True,Pharma
Bosch India,FY2022-23,0.065516,0.657926,1.056049,1.026619,0.029431,BOSCHLTD.NS,571288868956.95,27.071161,532000000.0,162523000000.0,0.003273,mcap=2023-03-31;bs=2023-03-31,Auto,BOSCHLTD.NS,2023-07-10,brsr_filing,True,Auto
Bosch India,FY2023-24,0.053001,0.440194,0.701094,0.68347,0.017624,BOSCHLTD.NS,885732373973.91,27.509681,393000000.0,173485000000.0,0.002265,mcap=2024-03-28;bs=2024-03-31,Auto,BOSCHLTD.NS,2024-07-10,brsr_filing,True,Auto
Britannia,FY2022-23,0.039935,0.134471,0.252758,0.158807,0.093951,BRITANNIA.NS,1041068882034.11,27.671269,30076200000.0,93527200000.0,0.321577,mcap=2023-03-31;bs=2023-03-31,FMCG,BRITANNIA.NS,2023-08-03,brsr_filing,True,FMCG
Britannia,FY2023-24,0.036323,0.03501,0.169572,-0.025435,0.195007,BRITANNIA.NS,1182964418730.0,27.799045,20746300000.0,90735600000.0,0.228646,mcap=2024-03-28;bs=2024-03-31,FMCG,BRITANNIA.NS,2024-07-19,brsr_filing,True,FMCG
CDSL,FY2022-23,0.011714,0.571737,-0.633434,0.883731,-1.517165,CDSL.NS,94964375000.0,25.276768,23705000.0,14571700000.0,0.001627,mcap=2023-03-31;bs=2023-03-31,Financial Services,CDSL.NS,2023-09-18,brsr_filing,True,Financial Services
CDSL,FY2023-24,-0.00617,0.554854,-1.184673,0.884078,-2.068751,CDSL.NS,178898769897.46,25.910086,13558000.0,17816493000.0,0.000761,mcap=2024-03-28;bs=2024-03-31,Financial Services,CDSL.NS,2024-07-26,brsr_filing,True,Financial Services
Cholamandalam,FY2022-23,0.000716,0.585086,-0.978803,0.905861,-1.884664,CHOLAFIN.NS,625819312988.13,27.162328,975243900000.0,1136269000000.0,0.858286,mcap=2023-03-31;bs=2023-03-31,Financial Services,CHOLAFIN.NS,2023-07-10,brsr_filing,True,Financial Services
Cholamandalam,FY2023-24,-0.001046,0.074333,-1.021387,0.043365,-1.064753,CHOLAFIN.NS,971508080942.15,27.602115,1348477800000.0,1566864100000.0,0.860622,mcap=2024-03-28;bs=2024-03-31,Financial Services,CHOLAFIN.NS,2024-07-04,brsr_filing,True,Financial Services
Cipla,FY2022-23,0.004485,0.142908,-0.860427,0.172794,-1.033222,CIPLA.NS,726839108996.5,27.311971,8031200000.0,294632800000.0,0.027258,mcap=2023-03-31;bs=2023-03-31,Pharma,CIPLA.NS,2023-07-18,brsr_filing,True,Pharma
Cipla,FY2023-24,-0.006331,-0.025299,-1.189816,-0.130951,-1.058865,CIPLA.NS,1208588084038.68,27.820474,5594100000.0,327178200000.0,0.017098,mcap=2024-03-28;bs=2024-03-31,Pharma,CIPLA.NS,2024-07-26,brsr_filing,True,Pharma
Coal India,FY2022-23,0.052125,-0.844673,0.635525,-1.46447,2.099995,COALINDIA.NS,1316666869449.24,27.906125,43314200000.0,2224306600000.0,0.019473,mcap=2023-03-31;bs=2023-03-31,Energy,COALINDIA.NS,2023-08-11,brsr_filing,True,Energy
Coal India,FY2023-24,0.043155,-0.900036,0.387301,-1.661379,2.04868,COALINDIA.NS,2675240404365.01,28.61506,65230300000.0,2376722600000.0,0.027445,mcap=2024-03-28;bs=2024-03-31,Energy,COALINDIA.NS,2024-07-27,brsr_filing,True,Energy
Coforge,FY2022-23,0.007255,0.356363,-0.773447,0.526671,-1.300119,COFORGE.NS,232992234065.08,26.174271,5622000000.0,56834000000.0,0.09892,mcap=2023-03-31;bs=2023-03-31,IT,COFORGE.NS,2023-10-27,brsr_filing,True,IT
Coforge,FY2023-24,0.05646,0.942725,0.811332,1.562692,-0.75136,COFORGE.NS,340166914411.8,26.552702,7260000000.0,61077000000.0,0.118866,mcap=2024-03-28;bs=2024-03-31,IT,COFORGE.NS,2024-08-01,brsr_filing,True,IT
Colgate India,FY2022-23,0.004703,0.120846,-0.853593,0.136219,-0.989812,COLPAL.NS,409977538769.63,26.739368,689615000.0,28829893000.0,0.02392,mcap=2023-03-31;bs=2023-03-31,FMCG,COLPAL.NS,2023-07-10,brsr_filing,True,FMCG
Colgate India,FY2023-24,0.012549,0.094898,-0.588123,0.079345,-0.667468,COLPAL.NS,737176289673.0,27.326093,717500000.0,31965300000.0,0.022446,mcap=2024-03-28;bs=2024-03-31,FMCG,COLPAL.NS,2024-07-02,brsr_filing,True,FMCG
Cummins India,FY2022-23,0.012372,0.608711,-0.612787,0.945028,-1.557815,CUMMINSIND.NS,451725113232.42,26.83634,3760900000.0,79186400000.0,0.047494,mcap=2023-03-31;bs=2023-03-31,Infrastructure,CUMMINSIND.NS,2023-07-10,brsr_filing,True,Infrastructure
Cummins India,FY2023-24,0.002985,1.013114,-0.892905,1.685845,-2.57875,CUMMINSIND.NS,833332500000.0,27.448699,1269800000.0,89705100000.0,0.014155,mcap=2024-03-28;bs=2024-03-31,Infrastructure,CUMMINSIND.NS,2024-07-12,brsr_filing,True,Infrastructure
Dabur,FY2022-23,0.131466,0.376752,3.126987,0.560474,2.566512,DABUR.NS,965433954789.54,27.595844,11737900000.0,136543700000.0,0.085964,mcap=2023-03-31;bs=2023-03-31,FMCG,DABUR.NS,2023-07-05,brsr_filing,True,FMCG
Dabur,FY2023-24,0.106619,0.240246,2.409861,0.333643,2.076218,DABUR.NS,927042330862.97,27.555265,13650900000.0,151226800000.0,0.090268,mcap=2024-03-28;bs=2024-03-31,FMCG,DABUR.NS,2024-07-10,brsr_filing,True,FMCG
Divi's Labs,FY2022-23,-0.016814,-0.376872,-1.529269,-0.688925,-0.840344,DIVISLAB.NS,749510741267.67,27.342686,40000000.0,144390000000.0,0.000277,mcap=2023-03-31;bs=2023-03-31,Pharma,DIVISLAB.NS,2023-08-11,brsr_filing,True,Pharma
Divi's Labs,FY2023-24,0.043166,-0.375331,0.387629,-0.743361,1.13099,DIVISLAB.NS,914618911636.33,27.541773,30000000.0,154700000000.0,0.000194,mcap=2024-03-28;bs=2024-03-31,Pharma,DIVISLAB.NS,2024-07-15,brsr_filing,True,Pharma
Dr Reddy's,FY2022-23,0.045901,0.118969,0.440079,0.133107,0.306972,DRREDDY.NS,768101022711.6,27.367187,13472000000.0,321854000000.0,0.041857,mcap=2023-03-31;bs=2023-03-31,Pharma,DRREDDY.NS,2023-09-01,brsr_filing,True,Pharma
Dr Reddy's,FY2023-24,0.035661,0.592194,0.148461,0.949407,-0.800946,DRREDDY.NS,1025465659611.77,27.656168,20020000000.0,387518000000.0,0.051662,mcap=2024-03-28;bs=2024-03-31,Pharma,DRREDDY.NS,2024-07-12,brsr_filing,True,Pharma
Eicher Motors,FY2022-23,0.013621,0.119133,-0.573543,0.133379,-0.706922,EICHERMOT.NS,806963504060.99,27.416544,2884100000.0,191976400000.0,0.015023,mcap=2023-03-31;bs=2023-03-31,Auto,EICHERMOT.NS,2023-07-31,brsr_filing,True,Auto
Eicher Motors,FY2023-24,0.030394,0.065017,-0.019384,0.027066,-0.04645,EICHERMOT.NS,1100506982028.42,27.726792,4194400000.0,231279300000.0,0.018136,mcap=2024-03-28;bs=2024-03-31,Auto,EICHERMOT.NS,2024-07-30,brsr_filing,True,Auto
Emami,FY2022-23,0.04965,0.646486,0.557812,1.007653,-0.449841,EMAMILTD.NS,158174327114.87,25.786964,905080000.0,31098520000.0,0.029104,mcap=2023-03-31;bs=2023-03-31,FMCG,EMAMILTD.NS,2023-09-07,brsr_filing,True,FMCG
Emami,FY2023-24,0.07001,0.656084,1.243142,1.061189,0.181953,EMAMILTD.NS,187411277664.18,25.956571,939559000.0,32797020000.0,0.028648,mcap=2024-03-28;bs=2024-03-31,FMCG,EMAMILTD.NS,2024-08-05,brsr_filing,True,FMCG
Escorts Kubota,FY2022-23,0.020533,0.188999,-0.356504,0.249207,-0.605712,ESCORTS.NS,245392816838.9,26.226126,573000000.0,100852300000.0,0.005682,mcap=2023-03-31;bs=2023-03-31,Auto,ESCORTS.NS,2023-06-22,brsr_filing,True,Auto
Escorts Kubota,FY2023-24,-0.005985,0.454044,-1.178785,0.707702,-1.886487,ESCORTS.NS,301175224801.31,26.430958,4484600000.0,124017200000.0,0.036161,mcap=2024-03-28;bs=2024-03-31,Auto,ESCORTS.NS,2024-06-25,brsr_filing,True,Auto
Federal Bank,FY2022-23,0.006188,0.332617,-0.806967,0.487304,-1.294271,FEDERALBNK.NS,279973417677.03,26.35796,258619785000.0,2680040566000.0,0.096498,mcap=2023-03-31;bs=2023-03-31,Banking,FEDERALBNK.NS,2023-07-29,brsr_filing,True,Banking
Federal Bank,FY2023-24,0.04723,0.286753,0.517177,0.415012,0.102165,FEDERALBNK.NS,365789853655.5,26.625325,223086197000.0,3178389465000.0,0.070188,mcap=2024-03-28;bs=2024-03-31,Banking,FEDERALBNK.NS,2024-08-10,brsr_filing,True,Banking
Godrej Consumer,FY2023-24,0.026839,0.14511,-0.132706,0.167195,-0.299901,GODREJCP.NS,1280366537784.6,27.878168,32222100000.0,184958900000.0,0.174212,mcap=2024-03-28;bs=2024-03-31,FMCG,GODREJCP.NS,2024-07-16,brsr_filing,True,FMCG
Grasim Industries,FY2022-23,0.064144,-0.495944,1.012962,-0.886329,1.899291,GRASIM.NS,1075022140731.5,27.703362,1030273700000.0,3372050300000.0,0.305533,mcap=2023-03-31;bs=2023-03-31,Diversified,GRASIM.NS,2023-07-24,brsr_filing,True,Diversified
Grasim Industries,FY2023-24,0.056382,-0.397814,0.808842,-0.782698,1.591541,GRASIM.NS,1551771039357.92,28.070418,1371439100000.0,4125390800000.0,0.332439,mcap=2024-03-28;bs=2024-03-31,Diversified,GRASIM.NS,2024-07-19,brsr_filing,True,Diversified
HCL Technologies,FY2022-23,0.049029,0.649672,0.538318,1.012935,-0.474617,HCLTECH.NS,2938167804390.75,28.708807,47860000000.0,934110000000.0,0.051236,mcap=2023-03-31;bs=2023-03-31,IT,HCLTECH.NS,2023-08-02,brsr_filing,True,IT
HCL Technologies,FY2023-24,-0.035301,0.511779,-2.113081,0.808715,-2.921796,HCLTECH.NS,4179918894741.45,29.061313,57560000000.0,997770000000.0,0.057689,mcap=2024-03-28;bs=2024-03-31,IT,HCLTECH.NS,2024-07-23,brsr_filing,True,IT
HDFC Bank,FY2022-23,0.045617,-0.09573,0.431173,-0.222833,0.654006,HDFCBANK.NS,8980875273654.68,29.826118,3151792800000.0,25755624000000.0,0.122373,mcap=2023-03-31;bs=2023-03-31,Banking,HDFCBANK.NS,2023-07-19,brsr_filing,True,Banking
HDFC Bank,FY2023-24,0.042716,-0.119132,0.373287,-0.295119,0.668406,HDFCBANK.NS,10999549707504.46,30.028875,8093552100000.0,44118573000000.0,0.18345,mcap=2024-03-28;bs=2024-03-31,Banking,HDFCBANK.NS,2024-07-18,brsr_filing,True,Banking
HDFC Life,FY2022-23,0.001303,0.160458,-0.960377,0.20189,-1.162268,HDFCLIFE.NS,1072709090192.76,27.701208,9500000000.0,2480692516000.0,0.00383,mcap=2023-03-31;bs=2023-03-31,Insurance,HDFCLIFE.NS,2023-09-11,brsr_filing,True,Insurance
HDFC Life,FY2023-24,-0.008808,0.135858,-1.268761,0.151008,-1.419769,HDFCLIFE.NS,1361958506471.45,27.939945,9500000000.0,3026869500000.0,0.003139,mcap=2024-03-28;bs=2024-03-31,Insurance,HDFCLIFE.NS,2024-09-05,brsr_filing,False,Insurance
Havells,FY2022-23,0.046469,0.079464,0.457912,0.067613,0.390299,HAVELLS.NS,744556954153.0,27.336055,2231000000.0,111574400000.0,0.019996,mcap=2023-03-31;bs=2023-03-31,Consumer,HAVELLS.NS,2023-07-21,brsr_filing,True,Consumer
Havells,FY2023-24,0.056039,-0.042783,0.797902,-0.16154,0.959442,HAVELLS.NS,949424790450.0,27.579122,3031600000.0,124326900000.0,0.024384,mcap=2024-03-28;bs=2024-03-31,Consumer,HAVELLS.NS,2024-05-31,brsr_filing,True,Consumer
Hero MotoCorp,FY2022-23,0.045709,0.008698,0.43407,-0.049705,0.483775,HEROMOTOCO.NS,469093781562.9,26.874069,5675400000.0,239170300000.0,0.02373,mcap=2023-03-31;bs=2023-03-31,Auto,HEROMOTOCO.NS,2023-07-17,brsr_filing,True,Auto
Hero MotoCorp,FY2023-24,0.020627,-0.068239,-0.330655,-0.206077,-0.124578,HEROMOTOCO.NS,944090398477.08,27.573488,6064100000.0,261527900000.0,0.023187,mcap=2024-03-28;bs=2024-03-31,Auto,HEROMOTOCO.NS,2024-07-19,brsr_filing,True,Auto
Hindalco Industries,FY2022-23,0.017868,-0.699905,-0.44018,-1.224466,0.784286,HINDALCO.NS,900549646485.73,27.526271,602910000000.0,2248170000000.0,0.268178,mcap=2023-03-31;bs=2023-03-31,Metals & Mining,HINDALCO.NS,2023-07-28,brsr_filing,True,Metals & Mining
Hindalco Industries,FY2023-24,0.012716,-0.530979,-0.582785,-1.015682,0.432897,HINDALCO.NS,1244104320357.0,27.849437,563560000000.0,2319070000000.0,0.243011,mcap=2024-03-28;bs=2024-03-31,Metals & Mining,HINDALCO.NS,2024-07-29,brsr_filing,True,Metals & Mining
Hindustan Unilever,FY2022-23,0.124267,0.662719,2.900918,1.034565,1.866353,HINDUNILVR.NS,6015776217113.97,29.425407,12190000000.0,730870000000.0,0.016679,mcap=2023-03-31;bs=2023-03-31,FMCG,HINDUNILVR.NS,2023-07-25,brsr_filing,True,FMCG
Hindustan Unilever,FY2023-24,0.127398,0.584292,3.072101,0.935582,2.136518,HINDUNILVR.NS,5320297203561.97,29.30255,14840000000.0,784990000000.0,0.018905,mcap=2024-03-28;bs=2024-03-31,FMCG,HINDUNILVR.NS,2024-06-27,brsr_filing,True,FMCG
ICICI Bank,FY2022-23,0.010867,0.051709,-0.660033,0.021599,-0.681632,ICICIBANK.NS,6125675100019.75,29.44351,1835094403000.0,19584904970000.0,0.093699,mcap=2023-03-31;bs=2023-03-31,Banking,ICICIBANK.NS,2023-08-02,brsr_filing,True,Banking
ICICI Bank,FY2023-24,0.000496,0.183413,-0.97224,0.23421,-1.20645,ICICIBANK.NS,7677519901379.38,29.669318,2009987053000.0,23640630275000.0,0.085023,mcap=2024-03-28;bs=2024-03-31,Banking,ICICIBANK.NS,2024-08-05,brsr_filing,True,Banking
ICICI Lombard,FY2023-24,0.014708,0.823728,-0.519298,1.354497,-1.873795,ICICIGI.NS,829928379427.5,27.444605,350000000.0,633082900000.0,0.000553,mcap=2024-03-28;bs=2024-03-31,Insurance,ICICIGI.NS,2024-06-03,brsr_filing,True,Insurance
IDFC First Bank,FY2022-23,0.012847,0.186999,-0.597857,0.24589,-0.843748,IDFCFIRSTB.NS,364327600921.57,26.621319,572120920000.0,2398820511000.0,0.238501,mcap=2023-03-31;bs=2023-03-31,Banking,IDFCFIRSTB.NS,2023-08-10,brsr_filing,True,Banking
IDFC First Bank,FY2023-24,-0.012486,0.147618,-1.385965,0.171583,-1.557548,IDFCFIRSTB.NS,533072269304.05,27.001923,439357300000.0,2962097800000.0,0.148326,mcap=2024-03-28;bs=2024-03-31,Banking,IDFCFIRSTB.NS,2024-08-08,brsr_filing,True,Banking
ITC,FY2022-23,0.086352,-0.004624,1.710326,-0.071792,1.782118,ITC.NS,4589393344207.41,29.154769,3063400000.0,858829800000.0,0.003567,mcap=2023-03-31;bs=2023-03-31,FMCG,ITC.NS,2023-07-11,brsr_filing,True,FMCG
ITC,FY2023-24,0.070534,-0.007227,1.259859,-0.099332,1.359191,ITC.NS,5149507547787.9,29.269922,3037300000.0,918261600000.0,0.003308,mcap=2024-03-28;bs=2024-03-31,FMCG,ITC.NS,2024-06-28,brsr_filing,True,FMCG
Indian Oil Corporation,FY2022-23,0.020979,-1.552004,-0.3425,-2.637122,2.294622,IOC.NS,1072804599465.83,27.701297,1489770800000.0,4417184800000.0,0.337267,mcap=2023-03-31;bs=2023-03-31,Oil & Gas,IOC.NS,2023-08-04,brsr_filing,True,Oil & Gas
Indian Oil Corporation,FY2023-24,0.016474,-1.629927,-0.463026,-2.938387,2.475361,IOC.NS,2310179307257.25,28.468346,1326275600000.0,4823620000000.0,0.274954,mcap=2024-03-28;bs=2024-03-31,Oil & Gas,IOC.NS,2024-07-18,brsr_filing,True,Oil & Gas
Indus Towers,FY2022-23,0.086093,-0.652653,1.702199,-1.14613,2.848329,INDUSTOWER.NS,385279269804.0,26.677234,191849000000.0,465724000000.0,0.411937,mcap=2023-03-31;bs=2023-03-31,Telecom,INDUSTOWER.NS,2023-08-10,brsr_filing,True,Telecom
Indus Towers,FY2023-24,0.107844,-0.670622,2.448911,-1.259999,3.70891,INDUSTOWER.NS,784349135644.37,27.38812,205310000000.0,558676000000.0,0.367494,mcap=2024-03-28;bs=2024-03-31,Telecom,INDUSTOWER.NS,2024-08-23,brsr_filing,True,Telecom
IndusInd Bank,FY2022-23,0.044748,0.162908,0.403897,0.205951,0.197946,INDUSINDBK.NS,828617238818.59,27.443024,490112342000.0,4578366330000.0,0.10705,mcap=2023-03-31;bs=2023-03-31,Banking,INDUSINDBK.NS,2023-08-02,brsr_filing,True,Banking
IndusInd Bank,FY2023-24,0.001895,0.21122,-0.927644,0.282861,-1.210504,INDUSINDBK.NS,1208730883903.0,27.820592,476114113000.0,5150939711000.0,0.092432,mcap=2024-03-28;bs=2024-03-31,Banking,INDUSINDBK.NS,2024-08-05,brsr_filing,True,Banking
Infosys,FY2022-23,0.036281,0.637559,0.137999,0.992853,-0.854855,INFY.NS,5906554935531.68,29.407084,1010000000.0,15312000000.0,0.065961,mcap=2023-03-31;bs=2023-03-31,IT,INFY.NS,2023-07-12,brsr_filing,True,IT
Infosys,FY2023-24,0.015052,0.587595,-0.50835,0.941362,-1.449711,INFY.NS,6201853250907.78,29.455869,1002000000.0,16523000000.0,0.060643,mcap=2024-03-28;bs=2024-03-31,IT,INFY.NS,2024-06-06,brsr_filing,True,IT
JSW Steel,FY2022-23,0.038995,-1.285844,0.223232,-2.195868,2.4191,JSWSTEEL.NS,1654437593213.79,28.134482,1066050000000.0,2110780000000.0,0.50505,mcap=2023-03-31;bs=2023-03-31,Metals & Mining,JSWSTEEL.NS,2023-07-07,brsr_filing,True,Metals & Mining
JSW Steel,FY2023-24,0.050554,-1.024183,0.623095,-1.878585,2.50168,JSWSTEEL.NS,2022784254976.26,28.335496,1056090000000.0,2281980000000.0,0.462795,mcap=2024-03-28;bs=2024-03-31,Metals & Mining,JSWSTEEL.NS,2024-07-04,brsr_filing,True,Metals & Mining
Jindal Steel,FY2022-23,0.03724,-0.236874,0.168117,-0.456829,0.624947,JINDALSTEL.NS,557172131033.65,27.04614,130463100000.0,694418600000.0,0.187874,mcap=2023-03-31;bs=2023-03-31,Metals & Mining,JINDALSTEL.NS,2023-09-11,brsr_filing,True,Metals & Mining
Jindal Steel,FY2023-24,0.107735,-0.295372,2.445434,-0.603467,3.048901,JINDALSTEL.NS,851211480453.83,27.469926,164721400000.0,787151800000.0,0.209263,mcap=2024-03-28;bs=2024-03-31,Metals & Mining,JINDALSTEL.NS,2024-08-08,brsr_filing,True,Metals & Mining
Kotak Mahindra Bank,FY2022-23,0.034451,0.153181,0.080543,0.189826,-0.109283,KOTAKBANK.NS,3442404645868.57,28.867191,523339234000.0,6204297348000.0,0.084351,mcap=2023-03-31;bs=2023-03-31,Banking,KOTAKBANK.NS,2023-08-11,brsr_filing,True,Banking
Kotak Mahindra Bank,FY2023-24,0.019337,0.333897,-0.371779,0.497494,-0.869273,KOTAKBANK.NS,3549432824045.53,28.897809,751056062000.0,7676669590000.0,0.097836,mcap=2024-03-28;bs=2024-03-31,Banking,KOTAKBANK.NS,2024-07-29,brsr_filing,True,Banking
LIC,FY2022-23,0.018902,0.949703,-0.407724,1.510343,-1.918067,LICI.NS,3379762367110.46,28.848827,,45784913600000.0,0.00431,mcap=2023-03-31;bs=2023-03-31+debt_current_proxy,Insurance,LICI.NS,2023-08-22,brsr_filing,True,Insurance
LIC,FY2023-24,0.02049,0.984638,-0.335039,1.636024,-1.971062,LICI.NS,5794646798190.04,29.387956,,53160474200000.0,0.00431,mcap=2024-03-28;bs=2024-03-31+debt_current_proxy,Insurance,LICI.NS,2024-07-29,brsr_filing,True,Insurance
LTIMindtree,FY2022-23,0.085826,0.582579,1.69381,0.901705,0.792105,540005.BO,1407448378518.0,27.9728,15412000000.0,234961000000.0,0.065594,mcap=2023-03-31;bs=2023-03-31,IT,LTIM.NS,2023-06-28,brsr_filing,True,IT
LTIMindtree,FY2023-24,0.081414,0.639116,1.606603,1.031502,0.575101,540005.BO,1461145161717.96,28.010242,20706000000.0,275630000000.0,0.075122,mcap=2024-03-28;bs=2024-03-31,IT,LTIM.NS,2024-06-03,brsr_filing,True,IT
LTTS,FY2022-23,0.002652,0.354217,-0.917988,0.523114,-1.441102,LTTS.NS,356802393310.75,26.600448,4542000000.0,81976000000.0,0.055406,mcap=2023-03-31;bs=2023-03-31,Infrastructure,LTTS.NS,2023-06-24,brsr_filing,True,Infrastructure
LTTS,FY2023-24,0.042226,0.355348,0.357689,0.535026,-0.177337,LTTS.NS,579811291513.78,27.085969,6588000000.0,84885000000.0,0.077611,mcap=2024-03-28;bs=2024-03-31,Infrastructure,LTTS.NS,2024-06-04,brsr_filing,True,Infrastructure
Larsen & Toubro,FY2022-23,0.005824,-0.389557,-0.818397,-0.709955,-0.108442,LT.NS,3041744486970.94,28.743452,1206504400000.0,3303523100000.0,0.365217,mcap=2023-03-31;bs=2023-03-31,Infra,LT.NS,2023-07-17,brsr_filing,True,Infrastructure
Larsen & Toubro,FY2023-24,0.004859,-0.405596,-0.833185,-0.796313,-0.036872,LT.NS,5174115080809.12,29.274689,1163222200000.0,3401359700000.0,0.341987,mcap=2024-03-28;bs=2024-03-31,Infra,LT.NS,2024-06-11,brsr_filing,True,Infrastructure
Lupin,FY2022-23,0.053841,-0.017797,0.689419,-0.093631,0.78305,LUPIN.NS,295009908721.94,26.410275,45415200000.0,229559300000.0,0.197836,mcap=2023-03-31;bs=2023-03-31,Pharma,LUPIN.NS,2023-09-15,brsr_filing,True,Pharma
Lupin,FY2023-24,0.025434,-0.091208,-0.177473,-0.246264,0.068791,LUPIN.NS,736741680704.35,27.325503,29217700000.0,239971800000.0,0.121755,mcap=2024-03-28;bs=2024-03-31,Pharma,LUPIN.NS,2024-07-12,brsr_filing,True,Pharma
Mahindra & Mahindra,FY2022-23,-0.03429,0.027137,-2.078051,-0.019136,-2.058915,M&M.NS,1440876795760.52,27.996273,922468500000.0,2058917700000.0,0.448036,mcap=2023-03-31;bs=2023-03-31,Auto,M&M.NS,2023-07-03,brsr_filing,True,Auto
Mahindra & Mahindra,FY2023-24,0.017166,0.000182,-0.440987,-0.08637,-0.354617,M&M.NS,2141874402315.99,28.392702,1066255200000.0,2363007300000.0,0.451228,mcap=2024-03-28;bs=2024-03-31,Auto,M&M.NS,2024-06-29,brsr_filing,True,Auto
Marico,FY2022-23,0.043056,0.767015,0.350757,1.207473,-0.856716,MARICO.NS,619842857189.81,27.152732,6080000000.0,69460000000.0,0.087532,mcap=2023-03-31;bs=2023-03-31,FMCG,MARICO.NS,2023-07-13,brsr_filing,True,FMCG
Marico,FY2023-24,0.040859,0.520541,0.314133,0.824045,-0.509913,MARICO.NS,642735993096.57,27.189,5280000000.0,74210000000.0,0.071149,mcap=2024-03-28;bs=2024-03-31,FMCG,MARICO.NS,2024-07-12,brsr_filing,True,FMCG
Maruti Suzuki,FY2022-23,-0.022473,-0.284716,-1.706964,-0.536143,-1.170821,MARUTI.NS,2504893287529.02,28.549267,12476000000.0,1003854000000.0,0.012428,mcap=2023-03-31;bs=2023-03-31,Auto,MARUTI.NS,2023-08-10,brsr_filing,True,Auto
Maruti Suzuki,FY2023-24,0.015884,-0.292336,-0.481816,-0.598155,0.116339,MARUTI.NS,3961582350487.39,29.007665,1186000000.0,1153508000000.0,0.001028,mcap=2024-03-28;bs=2024-03-31,Auto,MARUTI.NS,2024-08-05,brsr_filing,True,Auto
Mphasis,FY2022-23,0.029103,0.502167,-0.087387,0.768393,-0.85578,MPHASIS.NS,338314851927.25,26.547243,10527660000.0,116094590000.0,0.090682,mcap=2023-03-31;bs=2023-03-31,IT,MPHASIS.NS,2023-06-27,brsr_filing,True,IT
Mphasis,FY2023-24,0.053688,0.485133,0.722969,0.762095,-0.039126,MPHASIS.NS,451282897077.17,26.83536,23885850000.0,141302380000.0,0.169041,mcap=2024-03-28;bs=2024-03-31,IT,MPHASIS.NS,2024-06-30,brsr_filing,True,IT
Muthoot Finance,FY2022-23,0.049274,0.410784,0.546007,0.616893,-0.070886,MUTHOOTFIN.NS,393399198868.94,26.698091,555061320000.0,801489200000.0,0.692537,mcap=2023-03-31;bs=2023-03-31,Financial Services,MUTHOOTFIN.NS,2023-09-07,brsr_filing,True,Financial Services
Muthoot Finance,FY2023-24,0.03017,0.467121,-0.026522,0.730582,-0.757104,MUTHOOTFIN.NS,594343918631.58,27.110724,677418380000.0,964699400000.0,0.702207,mcap=2024-03-28;bs=2024-03-31,Financial Services,MUTHOOTFIN.NS,2024-09-10,brsr_filing,False,Financial Services
NALCO,FY2022-23,0.001834,-0.140692,-0.943687,-0.297373,-0.646315,NATIONALUM.NS,143991934903.28,25.693023,1046100000.0,176266100000.0,0.005935,mcap=2023-03-31;bs=2023-03-31,Metals & Mining,NATIONALUM.NS,2023-09-26,brsr_filing,True,Metals & Mining
NALCO,FY2023-24,0.006432,-0.256508,-0.783051,-0.53547,-0.247581,NATIONALUM.NS,280178184711.81,26.358692,963800000.0,192350300000.0,0.005011,mcap=2024-03-28;bs=2024-03-31,Metals & Mining,NATIONALUM.NS,2024-09-12,brsr_filing,False,Metals & Mining
NMDC,FY2022-23,0.006051,-0.088481,-0.811278,-0.210814,-0.600464,NMDC.NS,326909091511.0,26.512948,21278700000.0,299529200000.0,0.07104,mcap=2023-03-31;bs=2023-03-31,Metals & Mining,NMDC.NS,2023-08-10,brsr_filing,True,Metals & Mining
NMDC,FY2023-24,-0.002239,-0.15416,-1.059415,-0.356404,-0.703011,NMDC.NS,591249730237.5,27.105504,33587800000.0,356610300000.0,0.094186,mcap=2024-03-28;bs=2024-03-31,Metals & Mining,NMDC.NS,2024-09-12,brsr_filing,False,Metals & Mining
NTPC,FY2022-23,0.00945,0.258941,-0.704523,0.36516,-1.069683,NTPC.NS,1697886299247.15,28.160405,2229131600000.0,4479132500000.0,0.49767,mcap=2023-03-31;bs=2023-03-31,Energy,NTPC.NS,2023-08-28,brsr_filing,True,Energy
NTPC,FY2023-24,0.014451,-0.323951,-0.527502,-0.653469,0.125967,NTPC.NS,3256140369429.69,28.811564,2371309800000.0,4801965700000.0,0.493821,mcap=2024-03-28;bs=2024-03-31,Energy,NTPC.NS,2024-08-06,brsr_filing,True,Energy
Nestle India,FY2023-24,0.060043,0.259405,0.92552,0.367164,0.558356,NESTLEIND.NS,2947621322752.0,28.71202,4445599744.0,,0.08621,mcap=current_proxy;bs=current_proxy+debt_current_proxy,FMCG,NESTLEIND.NS,2024-06-15,brsr_filing,True,FMCG
ONGC,FY2022-23,0.031791,-0.737694,-0.002983,-1.287114,1.284132,ONGC.NS,1900251212458.27,28.273007,1767440370000.0,6427737320000.0,0.274971,mcap=2023-03-31;bs=2023-03-31,Energy,ONGC.NS,2023-08-23,brsr_filing,True,Energy
ONGC,FY2023-24,0.004146,-0.856864,-0.855926,-1.585845,0.729919,ONGC.NS,3372143687600.44,28.84657,1911952270000.0,7419979230000.0,0.257676,mcap=2024-03-28;bs=2024-03-31,Energy,ONGC.NS,2024-08-07,brsr_filing,True,Energy
Oracle Financial,FY2023-24,0.00146,0.440548,-0.941516,0.684089,-1.625605,OFSS.NS,760465743053.48,27.357197,430000000.0,99357000000.0,0.004328,mcap=2024-03-28;bs=2024-03-31,IT,OFSS.NS,2024-06-26,brsr_filing,True,IT
PNB,FY2022-23,0.022099,0.26107,-0.307346,0.36869,-0.676036,PNB.NS,513113308201.32,26.963763,701486200000.0,14936489400000.0,0.046965,mcap=2023-03-31;bs=2023-03-31,Banking,PNB.NS,2023-07-04,brsr_filing,True,Banking
PNB,FY2023-24,-0.015193,0.287807,-1.472248,0.416857,-1.889105,PNB.NS,1369770352216.68,27.945664,725856200000.0,15986359600000.0,0.045405,mcap=2024-03-28;bs=2024-03-31,Banking,PNB.NS,2024-06-07,brsr_filing,True,Banking
Paytm,FY2022-23,-0.006566,0.738509,-1.207447,1.160213,-2.367661,PAYTM.NS,403596328848.93,26.723681,2233000000.0,179658000000.0,0.012429,mcap=2023-03-31;bs=2023-03-31,Financial Services,PAYTM.NS,2023-08-22,brsr_filing,True,Financial Services
Paytm,FY2023-24,0.030348,0.792163,-0.020875,1.299271,-1.320146,PAYTM.NS,255849351820.19,26.267855,1766000000.0,186928000000.0,0.009447,mcap=2024-03-28;bs=2024-03-31,Financial Services,PAYTM.NS,2024-08-21,brsr_filing,True,Financial Services
Persistent Systems,FY2022-23,0.052974,0.927647,0.662206,1.473777,-0.811571,PERSISTENT.NS,344997806244.0,26.566804,6575540000.0,66730800000.0,0.098538,mcap=2023-03-31;bs=2023-03-31,IT,PERSISTENT.NS,2023-06-23,brsr_filing,True,IT
Persistent Systems,FY2023-24,0.055263,0.975901,0.773168,1.620737,-0.847569,PERSISTENT.NS,606960380700.01,27.131729,4511290000.0,74176340000.0,0.060818,mcap=2024-03-28;bs=2024-03-31,IT,PERSISTENT.NS,2024-10-03,brsr_filing,False,IT
Pidilite,FY2022-23,0.012636,0.439829,-0.604501,0.665046,-1.269547,PIDILITIND.NS,1196063406720.0,27.810057,3906100000.0,105250200000.0,0.037113,mcap=2023-03-31;bs=2023-03-31,Consumer,PIDILITIND.NS,2023-07-14,brsr_filing,True,Consumer
Pidilite,FY2023-24,-0.001815,0.233356,-1.045878,0.321589,-1.367467,PIDILITIND.NS,1533304552463.56,28.058446,3824700000.0,121039500000.0,0.031599,mcap=2024-03-28;bs=2024-03-31,Consumer,PIDILITIND.NS,2024-07-12,brsr_filing,True,Consumer
PolicyBazaar,FY2022-23,0.018201,0.930106,-0.429735,1.477853,-1.907588,POLICYBZR.NS,285185235915.58,26.376405,2265900000.0,62540300000.0,0.036231,mcap=2023-03-31;bs=2023-03-31,Financial Services,POLICYBZR.NS,2023-09-06,brsr_filing,True,Financial Services
PolicyBazaar,FY2023-24,0.010682,0.79591,-0.647614,1.305826,-1.95344,POLICYBZR.NS,504296060095.5,26.946429,2533300000.0,67285100000.0,0.03765,mcap=2024-03-28;bs=2024-03-31,Financial Services,POLICYBZR.NS,2024-09-05,brsr_filing,False,Financial Services
Power Grid,FY2022-23,0.07322,0.010646,1.297951,-0.046477,1.344428,POWERGRID.NS,1574359654525.57,28.08487,1285838100000.0,2522730600000.0,0.509701,mcap=2023-03-31;bs=2023-03-31,Energy,POWERGRID.NS,2023-08-09,brsr_filing,True,Energy
Power Grid,FY2023-24,0.040517,0.054605,0.303232,0.008849,0.294384,POWERGRID.NS,2575337140714.72,28.577002,1270037100000.0,2508905200000.0,0.506212,mcap=2024-03-28;bs=2024-03-31,Energy,POWERGRID.NS,2024-08-06,brsr_filing,True,Energy
Reliance Industries,FY2022-23,0.070914,-0.72059,1.225535,-1.258759,2.484294,RELIANCE.NS,14557646070063.71,30.309137,3343920000000.0,16074310000000.0,0.208029,mcap=2023-03-31;bs=2023-03-31,Energy,RELIANCE.NS,2023-08-14,brsr_filing,True,Energy
Reliance Industries,FY2023-24,0.056413,-0.538175,0.80982,-1.028271,1.838091,RELIANCE.NS,20106845826527.38,30.632081,3461420000000.0,17559860000000.0,0.197121,mcap=2024-03-28;bs=2024-03-31,Energy,RELIANCE.NS,2024-08-07,brsr_filing,True,Energy
SAIL,FY2022-23,0.02172,-1.214862,-0.319224,-2.07819,1.758966,SAIL.NS,341594428794.94,26.55689,307734300000.0,1304810900000.0,0.235846,mcap=2023-03-31;bs=2023-03-31,Metals & Mining,SAIL.NS,2024-01-17,brsr_filing,True,Metals & Mining
SAIL,FY2023-24,0.033709,-1.32227,0.086243,-2.400114,2.486357,SAIL.NS,554523020048.25,27.041374,363226500000.0,1407085800000.0,0.258141,mcap=2024-03-28;bs=2024-03-31,Metals & Mining,SAIL.NS,2024-09-04,brsr_filing,False,Metals & Mining
SBI,FY2023-24,0.016728,-0.286468,-0.454923,-0.587889,0.132966,SBIN.NS,6714431570658.87,29.53528,5565032351000.0,67337787997000.0,0.082644,mcap=2024-03-28;bs=2024-03-31,Banking,SBIN.NS,2024-05-27,brsr_filing,True,Banking
SBI Life,FY2022-23,0.021358,0.91373,-0.3306,1.450705,-1.781305,SBILIFE.NS,1102085194698.99,27.728225,,3145991696000.0,0.0,mcap=2023-03-31;bs=2023-03-31+debt_current_proxy,Insurance,SBILIFE.NS,2023-08-04,brsr_filing,True,Insurance
SBI Life,FY2023-24,0.019001,0.447856,-0.382506,0.696876,-1.079382,SBILIFE.NS,1502448563866.25,28.038117,,3982772500000.0,0.0,mcap=2024-03-28;bs=2024-03-31+debt_current_proxy,Insurance,SBILIFE.NS,2024-08-03,brsr_filing,True,Insurance
Shree Cement,FY2022-23,0.006093,-0.69619,-0.809945,-1.218308,0.408363,SHREECEM.NS,944844715650.52,27.574286,27246700000.0,263339400000.0,0.103466,mcap=2023-03-31;bs=2023-03-31,Cement,SHREECEM.NS,2023-07-02,brsr_filing,True,Cement
Shree Cement,FY2023-24,0.026774,-0.635406,-0.134776,-1.198386,1.06361,SHREECEM.NS,926656424677.76,27.554849,16555500000.0,279534700000.0,0.059225,mcap=2024-03-28;bs=2024-03-31,Cement,SHREECEM.NS,2024-07-12,brsr_filing,True,Cement
Shriram Finance,FY2022-23,-0.003625,0.34677,-1.115122,0.510768,-1.62589,SHRIRAMFIN.NS,471553720535.69,26.879299,1286886100000.0,2105726900000.0,0.611136,mcap=2023-03-31;bs=2023-03-31,Financial Services,SHRIRAMFIN.NS,2023-06-01,brsr_filing,True,Financial Services
Shriram Finance,FY2023-24,-0.010197,0.378352,-1.313025,0.575273,-1.888297,SHRIRAMFIN.NS,886795856982.4,27.510881,1517661000000.0,2482663100000.0,0.611304,mcap=2024-03-28;bs=2024-03-31,Financial Services,SHRIRAMFIN.NS,2024-07-09,brsr_filing,True,Financial Services
Siemens India,FY2022-23,0.01879,0.546545,-0.411255,0.841966,-1.253222,SIEMENS.NS,579214683960.69,27.084939,1821000000.0,201090000000.0,0.009056,mcap=2022-09-30;bs=2022-09-30,Infrastructure,SIEMENS.NS,2024-01-18,brsr_filing,True,Infrastructure
Siemens India,FY2023-24,0.039977,0.528436,0.286017,0.837858,-0.551841,SIEMENS.NS,767708239414.95,27.366676,1752000000.0,217696000000.0,0.008048,mcap=2023-09-29;bs=2023-09-30,Infrastructure,SIEMENS.NS,2025-01-14,brsr_filing,False,Infrastructure
Sun Pharma,FY2022-23,0.043986,0.173909,0.379948,0.224189,0.155758,SUNPHARMA.NS,2358786150429.49,28.489168,68858700000.0,807435900000.0,0.085281,mcap=2023-03-31;bs=2023-03-31,Pharma,SUNPHARMA.NS,2023-07-30,brsr_filing,True,Pharma
Sun Pharma,FY2023-24,0.063359,0.075873,1.031183,0.046059,0.985123,SUNPHARMA.NS,3888242402788.53,28.988978,32736700000.0,854996500000.0,0.038289,mcap=2024-03-28;bs=2024-03-31,Pharma,SUNPHARMA.NS,2024-07-09,brsr_filing,True,Pharma
TCS,FY2022-23,0.036133,0.340713,0.133348,0.500726,-0.367378,TCS.NS,11730552439371.46,30.093218,76880000000.0,1436510000000.0,0.053519,mcap=2023-03-31;bs=2023-03-31,IT,TCS.NS,2023-06-07,brsr_filing,True,IT
TCS,FY2023-24,0.024428,0.432018,-0.209525,0.669166,-0.878691,TCS.NS,14024792822687.83,30.271848,80210000000.0,1464490000000.0,0.05477,mcap=2024-03-28;bs=2024-03-31,IT,TCS.NS,2024-06-12,brsr_filing,True,IT
TVS Motor,FY2022-23,0.003178,0.11651,-0.901471,0.12903,-1.030501,TVSMOTOR.NS,511763816003.19,26.961129,223755800000.0,352329100000.0,0.635076,mcap=2023-03-31;bs=2023-03-31,Auto,TVSMOTORS.NS,2023-06-28,brsr_filing,True,Auto
TVS Motor,FY2023-24,0.070815,0.821461,1.268816,1.350531,-0.081714,TVSMOTOR.NS,1022316252656.13,27.653092,260057000000.0,422204600000.0,0.61595,mcap=2024-03-28;bs=2024-03-31,Auto,TVSMOTORS.NS,2024-07-12,brsr_filing,True,Auto
Tata Consumer,FY2022-23,0.051354,0.56837,0.611336,0.878149,-0.266813,TATACONSUM.NS,666715877037.96,27.22563,16000400000.0,228111300000.0,0.070143,mcap=2023-03-31;bs=2023-03-31,FMCG,TATACONSUM.NS,2023-05-23,brsr_filing,True,FMCG
Tata Consumer,FY2023-24,0.088613,0.052926,1.836029,0.00591,1.830118,TATACONSUM.NS,1057481319341.52,27.686911,34772200000.0,280209400000.0,0.124094,mcap=2024-03-28;bs=2024-03-31,FMCG,TATACONSUM.NS,2024-05-22,brsr_filing,True,FMCG
Tata Power,FY2022-23,0.029896,-0.074433,-0.06248,-0.187525,0.125045,TATAPOWER.NS,608227698891.75,27.133815,529230900000.0,1283490400000.0,0.412337,mcap=2023-03-31;bs=2023-03-31,Energy,TATAPOWER.NS,2023-05-27,brsr_filing,True,Energy
Tata Power,FY2023-24,0.022099,-0.685094,-0.283744,-1.285319,1.001575,TATAPOWER.NS,1259602888433.01,27.861818,590067600000.0,1395524200000.0,0.422829,mcap=2024-03-28;bs=2024-03-31,Energy,TATAPOWER.NS,2024-06-21,brsr_filing,True,Energy
Tata Steel,FY2022-23,0.138994,-0.634584,3.363381,-1.116173,4.479555,TATASTEEL.NS,1275929645815.0,27.874696,848930500000.0,2880217400000.0,0.294745,mcap=2023-03-31;bs=2023-03-31,Metals & Mining,TATASTEEL.NS,2023-06-15,brsr_filing,True,Metals & Mining
Tata Steel,FY2023-24,0.081773,-0.545258,1.618036,-1.040664,2.658699,TATASTEEL.NS,1943737526296.47,28.295634,870821200000.0,2734235000000.0,0.318488,mcap=2024-03-28;bs=2024-03-31,Metals & Mining,TATASTEEL.NS,2024-06-24,brsr_filing,True,Metals & Mining
Tech Mahindra,FY2022-23,0.045744,0.237668,0.435145,0.329893,0.105252,TECHM.NS,969530846032.88,27.600078,27402000000.0,461533000000.0,0.059372,mcap=2023-03-31;bs=2023-03-31,IT,TECHM.NS,2023-09-12,brsr_filing,True,IT
Tech Mahindra,FY2023-24,0.030238,0.593552,-0.024379,0.951784,-0.976163,TECHM.NS,1101476802455.43,27.727673,25367000000.0,434236000000.0,0.058418,mcap=2024-03-28;bs=2024-03-31,IT,TECHM.NS,2024-07-03,brsr_filing,True,IT
Titan,FY2022-23,0.001494,0.194727,-0.954374,0.258702,-1.213076,TITAN.NS,2238260913085.94,28.43672,93670000000.0,270230000000.0,0.346631,mcap=2023-03-31;bs=2023-03-31,Consumer,TITAN.NS,2023-08-30,brsr_filing,True,Consumer
Titan,FY2023-24,-0.00402,0.378497,-1.116149,0.575527,-1.691676,TITAN.NS,3372430682121.55,28.846655,155280000000.0,315500000000.0,0.492171,mcap=2024-03-28;bs=2024-03-31,Consumer,TITAN.NS,2024-06-18,brsr_filing,True,Consumer
Torrent Pharma,FY2022-23,0.0818,-0.021165,1.567384,-0.099214,1.666598,TORNTPHARM.NS,520241416358.83,26.977559,53685600000.0,150118500000.0,0.357621,mcap=2023-03-31;bs=2023-03-31,Pharma,TORNTPHARM.NS,2023-07-15,brsr_filing,True,Pharma
Torrent Pharma,FY2023-24,0.063635,0.254297,1.039981,0.358227,0.681754,TORNTPHARM.NS,880161244315.31,27.503371,40219400000.0,150605800000.0,0.267051,mcap=2024-03-28;bs=2024-03-31,Pharma,TORNTPHARM.NS,2024-06-29,brsr_filing,True,Pharma
UltraTech Cement,FY2022-23,0.014778,-1.032237,-0.537228,-1.775424,1.238196,ULTRACEMCO.NS,2197205550915.14,28.418207,110577400000.0,913869600000.0,0.120999,mcap=2023-03-31;bs=2023-03-31,Cement,ULTRACEMCO.NS,2023-07-19,brsr_filing,True,Cement
UltraTech Cement,FY2023-24,0.033628,-0.843874,0.083669,-1.563118,1.646787,ULTRACEMCO.NS,2809639131080.83,28.664077,114029500000.0,1008020100000.0,0.113122,mcap=2024-03-28;bs=2024-03-31,Cement,ULTRACEMCO.NS,2024-07-22,brsr_filing,True,Cement
Vedanta Limited,FY2022-23,0.07497,-2.004628,1.352905,-3.387505,4.74041,VEDL.NS,1019086128746.87,27.649927,666180000000.0,1953770000000.0,0.340972,mcap=2023-03-31;bs=2023-03-31,Metals & Mining,VEDL.NS,2023-06-20,brsr_filing,True,Metals & Mining
Vedanta Limited,FY2023-24,0.080533,-2.036864,1.578527,-3.650358,5.228885,VEDL.NS,1007642145439.29,27.638634,727700000000.0,1908070000000.0,0.38138,mcap=2024-03-28;bs=2024-03-31,Metals & Mining,VEDL.NS,2024-06-19,brsr_filing,True,Metals & Mining
Vodafone Idea,FY2022-23,0.015532,0.140243,-0.513535,0.168377,-0.681912,IDEA.NS,282342206673.91,26.366386,2377660000000.0,2072427000000.0,1.147283,mcap=2023-03-31;bs=2023-03-31,Telecom,IDEA.NS,2023-06-25,brsr_filing,True,Telecom
Vodafone Idea,FY2023-24,0.024883,-0.107879,-0.195022,-0.275431,0.08041,IDEA.NS,664087619968.75,27.22168,2438090000000.0,1849977000000.0,1.317903,mcap=2024-03-28;bs=2024-03-31,Telecom,IDEA.NS,2024-08-05,brsr_filing,True,Telecom
Wipro,FY2022-23,0.030983,0.649581,-0.02837,1.012784,-1.041154,WIPRO.NS,2000847500801.25,28.324592,174666000000.0,1175822000000.0,0.148548,mcap=2023-03-31;bs=2023-03-31,IT,WIPRO.NS,2023-07-27,brsr_filing,True,IT
Wipro,FY2023-24,0.026463,0.709769,-0.144682,1.155115,-1.299797,WIPRO.NS,2505730993285.98,28.549602,164649000000.0,1152459000000.0,0.142868,mcap=2024-03-28;bs=2024-03-31,IT,WIPRO.NS,2024-06-24,brsr_filing,True,IT
