company,sector,ticker,ticker_tracker,ticker_note,nse_symbol
ABB India,Infrastructure,ABB.NS,ABB.NS,,ABB
ACC,Cement,ACC.NS,ACC.NS,,ACC
Adani Enterprises,Energy,ADANIENT.NS,ADANIENT.NS,,ADANIENT
Adani Green,Energy,ADANIGREEN.NS,ADANIGREEN.NS,,ADANIGREEN
Adani Ports,Infrastructure,ADANIPORTS.NS,ADANIPORTS.NS,,ADANIPORTS
Alkem Labs,Pharma,ALKEM.NS,ALKEM.NS,,ALKEM
Ambuja Cements,Cement,AMBUJACEM.NS,AMBUJACEM.NS,,AMBUJACEM
Angel One,Financial Services,ANGELONE.NS,ANGELONE.NS,,ANGELONE
Apollo Hospitals,Pharma,APOLLOHOSP.NS,APOLLOHOSP.NS,,APOLLOHOSP
Ashok Leyland,Auto,ASHOKLEY.NS,ASHOKLEY.NS,,ASHOKLEY
Asian Paints,Consumer,ASIANPAINT.NS,ASIANPAINT.NS,,ASIANPAINT
Aurobindo Pharma,Pharma,AUROPHARMA.NS,AUROPHARMA.NS,,AUROPHARMA
Axis Bank,Banking,AXISBANK.NS,AXISBANK.NS,,AXISBANK
BPCL,Oil & Gas,BPCL.NS,BPCL.NS,,BPCL
BSE Ltd,Financial Services,BSE.NS,BSE.NS,,BSE
Bajaj Auto,Auto,BAJAJ-AUTO.NS,BAJAJ-AUTO.NS,,BAJAJ-AUTO
Bajaj Finance,FinServ,BAJFINANCE.NS,BAJFINANCE.NS,,BAJFINANCE
Bajaj Finserv,Financial Services,BAJAJFINSV.NS,BAJAJFINSV.NS,,BAJAJFINSV
Bank of Baroda,Banking,BANKBARODA.NS,BANKBARODA.NS,,BANKBARODA
Bharti Airtel,Telecom,BHARTIARTL.NS,BHARTIARTL.NS,,BHARTIARTL
Biocon,Pharma,BIOCON.NS,BIOCON.NS,,BIOCON
Bosch India,Auto,BOSCHLTD.NS,BOSCHLTD.NS,,BOSCHLTD
Britannia,FMCG,BRITANNIA.NS,BRITANNIA.NS,,BRITANNIA
CDSL,Financial Services,CDSL.NS,CDSL.NS,,CDSL
Cholamandalam,Financial Services,CHOLAFIN.NS,CHOLAFIN.NS,,CHOLAFIN
Cipla,Pharma,CIPLA.NS,CIPLA.NS,,CIPLA
Coal India,Energy,COALINDIA.NS,COALINDIA.NS,,COALINDIA
Coforge,IT,COFORGE.NS,COFORGE.NS,,COFORGE
Colgate India,FMCG,COLPAL.NS,COLPAL.NS,,COLPAL
Cummins India,Infrastructure,CUMMINSIND.NS,CUMMINSIND.NS,,CUMMINSIND
Dabur,FMCG,DABUR.NS,DABUR.NS,,DABUR
Divi's Labs,Pharma,DIVISLAB.NS,DIVISLAB.NS,,DIVISLAB
Dr Reddy's,Pharma,DRREDDY.NS,DRREDDY.NS,,DRREDDY
Eicher Motors,Auto,EICHERMOT.NS,EICHERMOT.NS,,EICHERMOT
Emami,FMCG,EMAMILTD.NS,EMAMILTD.NS,,EMAMILTD
Escorts Kubota,Auto,ESCORTS.NS,ESCORTS.NS,,ESCORTS
Federal Bank,Banking,FEDERALBNK.NS,FEDERALBNK.NS,,FEDERALBNK
Godrej Consumer,FMCG,GODREJCP.NS,GODREJCP.NS,,GODREJCP
Grasim Industries,Diversified,GRASIM.NS,GRASIM.NS,,GRASIM
HCL Technologies,IT,HCLTECH.NS,HCLTECH.NS,,HCLTECH
HDFC Bank,Banking,HDFCBANK.NS,HDFCBANK.NS,,HDFCBANK
HDFC Life,Insurance,HDFCLIFE.NS,HDFCLIFE.NS,,HDFCLIFE
Havells,Consumer,HAVELLS.NS,HAVELLS.NS,,HAVELLS
Hero MotoCorp,Auto,HEROMOTOCO.NS,HEROMOTOCO.NS,,HEROMOTOCO
Hindalco Industries,Metals & Mining,HINDALCO.NS,HINDALCO.NS,,HINDALCO
Hindustan Unilever,FMCG,HINDUNILVR.NS,HINDUNILVR.NS,,HINDUNILVR
ICICI Bank,Banking,ICICIBANK.NS,ICICIBANK.NS,,ICICIBANK
ICICI Lombard,Insurance,ICICIGI.NS,ICICIGI.NS,,ICICIGI
IDFC First Bank,Banking,IDFCFIRSTB.NS,IDFCFIRSTB.NS,,IDFCFIRSTB
ITC,FMCG,ITC.NS,ITC.NS,,ITC
Indian Oil Corporation,Oil & Gas,IOC.NS,IOC.NS,,IOC
Indus Towers,Telecom,INDUSTOWER.NS,INDUSTOWER.NS,,INDUSTOWER
IndusInd Bank,Banking,INDUSINDBK.NS,INDUSINDBK.NS,,INDUSINDBK
Infosys,IT,INFY.NS,INFY.NS,,INFY
JSW Steel,Metals & Mining,JSWSTEEL.NS,JSWSTEEL.NS,,JSWSTEEL
Jindal Steel,Metals & Mining,JINDALSTEL.NS,JINDALSTEL.NS,,JINDALSTEL
Kotak Mahindra Bank,Banking,KOTAKBANK.NS,KOTAKBANK.NS,,KOTAKBANK
LIC,Insurance,LICI.NS,LICI.NS,,LICI
LTIMindtree,IT,540005.BO,LTIM.NS,no Yahoo NSE quote; BSE scrip 540005 = L&T Infotech / LTIMindtree (BSE calendar),LTIM
LTTS,Infrastructure,LTTS.NS,LTTS.NS,,LTTS
Larsen & Toubro,Infra,LT.NS,LT.NS,,LT
Lupin,Pharma,LUPIN.NS,LUPIN.NS,,LUPIN
Mahindra & Mahindra,Auto,M&M.NS,M&M.NS,,M&M
Marico,FMCG,MARICO.NS,MARICO.NS,,MARICO
Maruti Suzuki,Auto,MARUTI.NS,MARUTI.NS,,MARUTI
Mphasis,IT,MPHASIS.NS,MPHASIS.NS,,MPHASIS
Muthoot Finance,Financial Services,MUTHOOTFIN.NS,MUTHOOTFIN.NS,,MUTHOOTFIN
NALCO,Metals & Mining,NATIONALUM.NS,NATIONALUM.NS,,NATIONALUM
NMDC,Metals & Mining,NMDC.NS,NMDC.NS,,NMDC
NTPC,Energy,NTPC.NS,NTPC.NS,,NTPC
Nestle India,FMCG,NESTLEIND.NS,NESTLEIND.NS,,NESTLEIND
ONGC,Energy,ONGC.NS,ONGC.NS,,ONGC
Oracle Financial,IT,OFSS.NS,OFSS.NS,,OFSS
PNB,Banking,PNB.NS,PNB.NS,,PNB
Paytm,Financial Services,PAYTM.NS,PAYTM.NS,,PAYTM
Persistent Systems,IT,PERSISTENT.NS,PERSISTENT.NS,,PERSISTENT
Pidilite,Consumer,PIDILITIND.NS,PIDILITIND.NS,,PIDILITIND
PolicyBazaar,Financial Services,POLICYBZR.NS,POLICYBZR.NS,,POLICYBZR
Power Grid,Energy,POWERGRID.NS,POWERGRID.NS,,POWERGRID
Reliance Industries,Energy,RELIANCE.NS,RELIANCE.NS,,RELIANCE
SAIL,Metals & Mining,SAIL.NS,SAIL.NS,,SAIL
SBI,Banking,SBIN.NS,SBIN.NS,,SBIN
SBI Life,Insurance,SBILIFE.NS,SBILIFE.NS,,SBILIFE
Shree Cement,Cement,SHREECEM.NS,SHREECEM.NS,,SHREECEM
Shriram Finance,Financial Services,SHRIRAMFIN.NS,SHRIRAMFIN.NS,,SHRIRAMFIN
Siemens India,Infrastructure,SIEMENS.NS,SIEMENS.NS,,SIEMENS
Sun Pharma,Pharma,SUNPHARMA.NS,SUNPHARMA.NS,,SUNPHARMA
TCS,IT,TCS.NS,TCS.NS,,TCS
TVS Motor,Auto,TVSMOTOR.NS,TVSMOTORS.NS,tracker typo; TVSMOTOR.NS is the NSE symbol,TVSMOTOR
Tata Consumer,FMCG,TATACONSUM.NS,TATACONSUM.NS,,TATACONSUM
Tata Motors,Auto,TMPV.NS,TATAMOTORS.NS,post-demerger successor carrying the pre-demerger Tata Motors Ltd history on Yahoo,TATAMOTORS
Tata Power,Energy,TATAPOWER.NS,TATAPOWER.NS,,TATAPOWER
Tata Steel,Metals & Mining,TATASTEEL.NS,TATASTEEL.NS,,TATASTEEL
Tech Mahindra,IT,TECHM.NS,TECHM.NS,,TECHM
Titan,Consumer,TITAN.NS,TITAN.NS,,TITAN
Torrent Pharma,Pharma,TORNTPHARM.NS,TORNTPHARM.NS,,TORNTPHARM
UltraTech Cement,Cement,ULTRACEMCO.NS,ULTRACEMCO.NS,,ULTRACEMCO
Vedanta Limited,Metals & Mining,VEDL.NS,VEDL.NS,,VEDL
Vodafone Idea,Telecom,IDEA.NS,IDEA.NS,,IDEA
Wipro,IT,WIPRO.NS,WIPRO.NS,,WIPRO
