company,year,event_date,GDS,AR_0,CAR_m1_p1,CAR_0_p1,CAR_0_p5,CAR_m5_p5,CAR_m5_p20,log_mcap,leverage,sector
ABB India,FY2022-23,2023-06-08,-1.089293,-0.006111250405212336,0.017968470901526187,0.004163728148657545,0.025949735076005613,0.010784132678369742,-0.023574426499734,27.066355,0.003551,Infrastructure
ABB India,FY2023-24,2024-04-05,-1.031959,0.02229074590930013,0.016254400698126267,0.0205853148596848,0.013113707473698229,0.014056952092891171,0.08204493068482797,27.621617,0.004452,Infrastructure
ACC,FY2022-23,2023-08-24,1.395333,0.016098184740842975,0.004271899847363708,0.014671885264301495,0.03082287443859068,0.06526004522486277,0.03687182696294297,26.851229,0.006561,Cement
ACC,FY2023-24,2024-05-29,0.806718,-0.004536260907892295,-0.004330449152140416,-0.005742652815779209,-0.03425715808935836,-0.028755384360472903,-0.024395703300660244,26.871541,0.015185,Cement
Adani Enterprises,FY2022-23,2023-06-27,0.563882,-0.01903848402158932,0.03573677617114748,0.015986900282254777,-0.031046631564295192,-0.06350710114634099,-0.08883907651089931,28.352915,0.37468,Energy
Adani Enterprises,FY2023-24,2024-05-29,1.646032,0.015284294177089038,0.008319187688279486,0.013368476974763045,0.008827695450119737,0.036070083368822704,-0.06170010661890927,28.955286,0.40633,Energy
Adani Green,FY2022-23,2023-10-06,-2.112939,-0.004111714016738754,-0.02382595099372963,-0.007825759631879769,-0.007675043538656935,-0.035039351747485674,0.021127832368422368,27.964468,0.804976,Energy
Adani Green,FY2023-24,2024-07-09,-1.203452,-0.008852439990729374,0.0013640876533703638,-0.0012576757611987227,-0.01945120026593139,-0.053583282797307265,-0.013295681788676619,28.698121,0.732544,Energy
Adani Ports,FY2022-23,2023-07-17,0.060252,-0.004846522876750074,-0.011301191909647151,-0.007721187922920668,0.007156924358610279,-0.0011608217688789807,0.08912653993506175,27.94217,0.456966,Infrastructure
Adani Ports,FY2023-24,2024-05-28,-0.352328,-0.014827567326528825,0.010344822565143456,0.0007751177106589922,-0.026226177396250813,0.009913208589859779,0.008709533765468673,28.695243,0.413451,Infrastructure
Alkem Labs,FY2022-23,2023-08-10,-0.937302,-0.019628495471141042,-0.07441827608708663,-0.09571368798349364,-0.10159791370356122,-0.0356824107762159,-0.10865527287495017,26.729754,0.101528,Pharma
Alkem Labs,FY2023-24,2024-07-26,-0.146811,0.008851984698539124,-0.014460751017072055,-0.011597813129802159,0.006638679936262585,-0.006235413086478601,0.06661036425546739,27.104896,0.09107,Pharma
Ambuja Cements,FY2022-23,2023-08-24,1.213327,-0.007305578621991638,-0.05458898377369008,-0.026831917070747655,-0.052288486155812705,-0.026281141578727643,-0.081087883023866,27.699225,0.01205,Cement
Ambuja Cements,FY2023-24,2024-06-03,0.287292,0.008534936677166143,-0.04011949454607143,-0.059688121595353284,-0.023013736336522393,0.002979243013544127,0.026359535481388623,27.92797,0.010737,Cement
Angel One,FY2022-23,2023-07-19,-1.191622,0.02156685434046613,-0.02176028711391645,0.057918971857176746,0.07664377454894539,-0.11254196877177558,0.015532913304643339,25.298025,0.105361,Financial Services
Angel One,FY2023-24,2024-07-18,1.184316,-0.027294471077080478,-0.06165163368420777,-0.03637421980059233,-0.018384987680910427,-0.03681972091421164,-0.026760230600420473,26.267681,0.191729,Financial Services
Apollo Hospitals,FY2022-23,2023-08-24,0.156948,-0.004730466602276135,-0.008645234214585448,-0.011761277317688428,-0.027831939412529996,-0.03250824833638184,-0.014156732995574902,27.152729,0.300281,Pharma
Apollo Hospitals,FY2023-24,2024-08-29,1.588734,0.011074004966252618,0.0171333445831549,0.018619913379853532,0.017063231948980427,0.012889890302243771,0.023311825125855785,27.541108,0.318305,Pharma
Ashok Leyland,FY2022-23,2023-06-28,0.080299,0.007143870798600575,-0.0039652286030726226,0.006186069702896839,-0.02255098759661414,-0.040972679973014355,0.04478721182199666,26.736269,0.569191,Auto
Ashok Leyland,FY2023-24,2024-07-03,0.687131,-0.03214162921576853,-0.06113382056097924,-0.046278748382301046,-0.05505292931805613,-0.10468579902162882,-0.03133628149397142,26.94355,0.603622,Auto
Asian Paints,FY2022-23,2023-06-05,-2.296111,-0.013374976665906601,-0.012898396978184326,-0.009935238783707652,-0.017016428593687502,0.01347538746159509,0.03842451033025072,28.604818,0.074914,Consumer
Asian Paints,FY2023-24,2024-05-31,-1.389692,-0.0020536766178717307,-0.027590848098664314,-0.030727361867096896,-0.0055558999915101045,0.009143832378243113,-0.0061938142416127,28.63517,0.082689,Consumer
Aurobindo Pharma,FY2022-23,2023-08-11,1.101035,-0.009618784956874306,-0.0038826442562995746,0.0006140587061177847,-0.02677224026610167,-0.001512787205353328,-0.04000900517777491,26.438894,0.13252,Pharma
Aurobindo Pharma,FY2023-24,2024-08-05,0.05624,0.004373752445340943,0.004971253515887921,-0.007991940230381987,0.014577512800844496,0.048449506761915596,0.058295239909275424,27.181511,0.147491,Pharma
Axis Bank,FY2022-23,2023-08-02,-0.629987,-0.004975297040099797,-0.004751055581958314,-0.010877457422910438,-0.01107937742149212,-0.025304095453710755,-0.0049670579592789145,28.60236,0.147606,Banking
Axis Bank,FY2023-24,2024-07-02,-0.798756,-0.004227195468298805,0.0001989328740628505,0.009820464027301842,0.009274275518253657,0.01980611249305918,-0.0933537503391822,28.804202,0.150305,Banking
BPCL,FY2022-23,2023-08-03,4.507206,0.00018307036850945735,-0.04054761152631133,-0.02566015168172742,-0.02280422682285977,-0.06719322127442584,-0.12901738223999631,27.320645,0.36875,Oil & Gas
BPCL,FY2023-24,2024-08-08,4.349341,-0.006111736541352636,-0.03667519027363779,-0.03549410468431947,-0.04709403954075096,-0.02161450016919036,0.006693908003502537,27.883259,0.269734,Oil & Gas
BSE Ltd,FY2022-23,2023-08-07,-2.595934,0.0035088829665717363,0.04175888116914629,0.02140102421941678,0.02917733426836678,0.10656756619402441,0.3947213006709335,24.7902,3e-06,Financial Services
BSE Ltd,FY2023-24,2024-06-20,-2.34716,-0.03538896758077949,-0.07877520613246808,-0.06766215896171156,-0.10722504677911825,-0.14023607218456255,-0.3628400074444932,26.553955,2e-06,Financial Services
Bajaj Auto,FY2022-23,2023-07-04,-1.057884,0.001792979401493351,0.03556970114800656,0.0570775815314726,0.059805431598465617,0.03493450693962259,0.01633067705074825,27.725621,0.0,Auto
Bajaj Auto,FY2023-24,2024-06-21,-0.999681,-0.003923271224184402,-0.002301586678347751,0.007416739748270636,-0.03310105467720671,-0.08026942565814622,-0.13293571225380416,28.568673,0.045367,Auto
Bajaj Finance,FY2022-23,2023-07-05,-1.17873,-0.00636584765808533,0.045685236398606666,-0.023659737417909235,-0.06466942154774954,0.013221415237607344,-0.03976592547591813,28.85329,0.59757,FinServ
Bajaj Finance,FY2023-24,2024-06-27,-0.809074,-0.0018475283470024823,0.001351484385047762,-0.008840045414820785,-0.019440337132130198,-0.03323004737705053,-0.07705168054479918,29.130113,0.581349,FinServ
Bajaj Finserv,FY2022-23,2023-07-10,-0.437413,-0.009501805043763283,-0.012763208591836963,-0.02047938791384473,-0.026870676602604456,0.019752183977353024,-0.04860827156636356,28.331499,0.413306,Financial Services
Bajaj Finserv,FY2023-24,2024-06-28,-1.235476,-0.009346531430400429,-0.02118198737209137,-0.019931797636734083,-0.02675896816900336,-0.02075005006220439,0.0008632468204944378,28.594389,0.4253,Financial Services
Bank of Baroda,FY2022-23,2023-06-14,1.243693,-0.004261467914915034,-0.037454855863239475,-0.02500846235596431,0.02778921852911728,0.012565468601034963,-0.05398364629209884,27.495413,0.069128,Banking
Bank of Baroda,FY2023-24,2024-06-11,0.180895,-0.008408527738863202,0.03410577452446267,0.016074446545052197,0.0020892163119757678,-0.05693970026685113,-0.20032989696992168,27.94254,0.056255,Banking
Bharti Airtel,FY2022-23,2023-08-03,0.961298,-0.004678604292156969,0.002026860923602193,0.010660355950299374,-0.010804807590623975,-0.022596431582874922,-0.047953064017791105,29.12783,0.506054,Telecom
Bharti Airtel,FY2023-24,2024-07-30,-0.506235,-0.009916075897419076,-0.025392970268379278,0.0006678246540886713,-0.0016197272111415188,-0.009045528966028654,0.013965865275823757,29.636005,0.484988,Telecom
Biocon,FY2022-23,2023-08-09,1.726606,-0.012177673926960208,0.0069657683802082995,-0.03985576627507748,-0.0487537574204477,0.030579396769913187,0.07419837811131602,26.230138,0.34623,Pharma
Biocon,FY2023-24,2024-07-18,1.225546,-0.028957967306680658,-0.04724241121068549,-0.03178385665872836,0.04326450398625391,0.01040703021572853,-0.05112490883339912,26.479438,0.290289,Pharma
Bosch India,FY2022-23,2023-07-10,0.01794,-0.025566959904673125,-0.010107924306103732,-0.027900458277863364,-0.05891906285604861,-0.0328529975602562,-0.08695100610712318,27.071161,0.003273,Auto
Bosch India,FY2023-24,2024-07-10,-0.361584,-0.005331310940075675,0.02968435068485643,-0.001233603877502698,-0.025267585954754236,-0.014163969434948583,-0.11975531112998894,27.509681,0.002265,Auto
Britannia,FY2022-23,2023-08-03,0.021487,-0.0010619486369585697,-0.002955662901681553,-0.004866666712771398,-0.06438533486743955,-0.10131973455890242,-0.1303773214578071,27.671269,0.321577,FMCG
Britannia,FY2023-24,2024-07-19,-0.828989,0.005087517638903447,0.0072610140913421245,0.005762484433574756,-0.00048347924308744577,0.016916343070265277,-0.0049014873725419,27.799045,0.228646,FMCG
CDSL,FY2022-23,2023-09-18,-0.478379,-0.007134582098659377,-0.002040883472638759,-0.015408085041445977,0.012717206686214162,0.058139713327200956,0.08219529692098791,25.276768,0.001627,Financial Services
CDSL,FY2023-24,2024-07-26,-1.656156,-0.009301198573675899,-0.00443966849710413,-0.016669075859838515,-0.012023171892188756,0.0323156381183327,0.23111274464937515,25.910086,0.000761,Financial Services
Cholamandalam,FY2022-23,2023-07-10,-1.970778,-0.02209911097665505,-0.029436671740844664,-0.04652450077755635,-0.03795577455858784,-0.02290878675412119,-0.1325125033124673,27.162328,0.858286,Financial Services
Cholamandalam,FY2023-24,2024-07-04,-0.83074,-0.01247506429587989,0.007964697757244425,-0.00897743719042793,-0.02895496691422899,-0.044505665458122796,-0.0701295259292633,27.602115,0.860622,Financial Services
Cipla,FY2022-23,2023-07-18,-1.309779,-0.0019093084298085832,0.00011994975063014642,0.0009741475738820427,0.020124929922953644,0.027905205624226034,0.1976998484534692,27.311971,0.027258,Pharma
Cipla,FY2023-24,2024-07-26,-1.480859,0.04498148743284344,0.025714244291405054,0.029303204306621308,0.009168156491258227,0.00103330293031453,0.020396056323231243,27.820474,0.017098,Pharma
Coal India,FY2022-23,2023-08-11,2.408625,0.0030984459013656384,0.003251023434407291,0.00014884790804942528,-0.01732126305320823,-0.0031970048493932925,0.16160195264116442,27.906125,0.019473,Energy
Coal India,FY2023-24,2024-07-29,2.10872,-0.00374440267256835,0.010468033162727236,0.005905488065320219,0.040325614855462176,0.04797786668125594,0.006091538343944224,28.61506,0.027445,Energy
Coforge,FY2022-23,2023-10-27,-0.854974,0.005184867044770974,0.010988033789944522,-0.004060702068303843,-0.0011102451319074088,0.013370322892537097,0.043799415456743845,26.174271,0.09892,IT
Coforge,FY2023-24,2024-08-01,-1.070147,-0.002236941707488807,-0.030842405572787043,-0.026581316499931423,-0.046065933590397234,-0.07173045588121373,-0.024295232457498248,26.552702,0.118866,IT
Colgate India,FY2022-23,2023-07-10,-0.842771,0.006603921175732756,0.01184150239628697,0.014833310103465818,0.03087421920705476,0.07450842859384285,0.15538394458005203,26.739368,0.02392,FMCG
Colgate India,FY2023-24,2024-07-02,-0.783556,0.0019862309366125057,0.0013497708853329815,-0.0002639481407118718,0.027904554581686558,0.020444289758306085,0.1133436550721416,27.326093,0.022446,FMCG
Cummins India,FY2022-23,2023-07-10,-1.296861,-0.005879893348225673,-0.015883684417731636,-0.014853969443490067,-0.03088763743887793,-0.06861163489441081,-0.1794982085723222,26.83634,0.047494,Infrastructure
Cummins India,FY2023-24,2024-07-12,-2.581788,-0.017118837859915914,-0.05312265859609325,-0.04096014630225567,-0.10510276738857303,-0.1342662652576337,-0.11320394600596957,27.448699,0.014155,Infrastructure
Dabur,FY2022-23,2023-07-05,2.955003,0.020457373924846735,0.01037625991763367,0.016010651203117617,0.0032746160208962584,0.002619097404911713,-0.03785335098605679,27.595844,0.085964,FMCG
Dabur,FY2023-24,2024-07-10,1.727949,0.0035529705821689115,0.009358720420523665,-0.00040396267474881965,0.021966442262288624,0.06269461188925078,0.060047440773436093,27.555265,0.090268,FMCG
Divi's Labs,FY2022-23,2023-08-11,-0.342114,-0.015823479927510074,0.0026276034711590537,-0.000986990808821581,-0.018840829495745205,-0.015699622737114737,-0.012896688014828671,27.342686,0.000277,Pharma
Divi's Labs,FY2023-24,2024-07-15,0.768892,0.004876594001084998,-0.008268007190773016,0.003665161488552667,0.0008518955903276824,-0.02203276511587437,0.050655643275222345,27.541773,0.000194,Pharma
Dr Reddy's,FY2022-23,2023-09-01,0.11522,-0.009912043518637018,-0.006701533292875919,0.0009310838411700165,-0.024230885067859555,-0.08190872634991103,-0.11567430383859167,27.367187,0.041857,Pharma
Dr Reddy's,FY2023-24,2024-07-12,-1.16468,0.016903070075350128,0.025071532523909576,0.02571166348518445,0.02492965579766729,0.03852950478103216,0.048854559511459346,27.656168,0.051662,Pharma
Eicher Motors,FY2022-23,2023-07-31,-1.023054,-0.003491191677599755,0.018815652874012885,0.012181949568981085,0.0014237674073689444,0.011816975764813213,0.01710605866798242,27.416544,0.015023,Auto
Eicher Motors,FY2023-24,2024-07-30,0.74272,-0.003976322716174976,-0.01872601126184484,-0.005037630366233926,-0.03465971398234898,-0.02951065732460883,-0.01054122711088887,27.726792,0.018136,Auto
Emami,FY2022-23,2023-09-07,-0.633916,-0.0004986469744898908,0.027566637352083884,0.015599562202964112,0.05092475043193885,0.05724806572009042,-0.03548512485498095,25.786964,0.029104,FMCG
Emami,FY2023-24,2024-08-05,-0.174294,-0.024784740158138075,-0.044250789763921015,0.007007621327217956,0.033379152936466525,0.0034611051136177132,-0.025014960132297002,25.956571,0.028648,FMCG
Escorts Kubota,FY2022-23,2023-06-22,-1.008081,-0.0020044183176226747,0.0042916630333885075,0.001173274622587013,0.018013553026965747,0.00169090773453222,0.007228290139224383,26.226126,0.005682,Auto
Escorts Kubota,FY2023-24,2024-06-25,-1.174761,-0.016441451694170932,-0.03099363372785361,-0.007924033362625038,-0.05233235076522868,-0.07236372599811734,-0.09958322710689577,26.430958,0.036161,Auto
Federal Bank,FY2022-23,2023-07-31,-1.567342,-0.00619832173118815,-0.0003154279482558116,-0.009803019994172647,-0.01125163423716709,-0.004919375313271864,0.07191803043937459,26.35796,0.096498,Banking
Federal Bank,FY2023-24,2024-08-12,-0.389623,0.018480212308999974,0.04134855533574527,0.032105618963485426,0.011943942973608197,0.02340827225616093,-0.09260006792236072,26.625325,0.070188,Banking
Godrej Consumer,FY2023-24,2024-07-16,-0.306585,0.010830137172827665,0.010830191906939598,0.018839766372169352,0.020480955595853778,0.02059029354758031,-0.04128699115674842,27.878168,0.174212,FMCG
Grasim Industries,FY2022-23,2023-07-24,1.744896,0.006634145374651081,0.012706905620465293,0.01345295235490385,0.014736960604448256,0.0351735805286937,0.016615386098783613,27.703362,0.305533,Diversified
Grasim Industries,FY2023-24,2024-07-19,1.232323,-0.004158114974487318,0.0035782077726900195,0.01685412946256213,0.012629409608857549,-0.002191558433257304,-0.09190645410462814,28.070418,0.332439,Diversified
HCL Technologies,FY2022-23,2023-08-02,-0.46789,0.0029321742542376926,0.02204753001413311,0.0023916131724099725,0.005894387776975769,0.020850863915594806,0.04589965034059019,28.708807,0.051236,IT
HCL Technologies,FY2023-24,2024-07-23,-2.434661,0.015206358480067066,-0.009066315303544516,0.004377076378815955,0.019746385542200942,0.03334505716209348,0.06134742544149471,29.061313,0.057689,IT
HDFC Bank,FY2022-23,2023-07-19,-0.397285,-0.00044375090793230716,-0.004641809141236379,-0.0036764076288857282,0.0009663613447035702,0.004617579765066864,-0.04355599677975211,29.826118,0.122373,Banking
HDFC Bank,FY2023-24,2024-07-18,0.537979,-0.0024656881120219756,0.00689105986714702,0.007314526475735394,0.014267030110796948,0.0027929501237608755,0.01968948749383201,30.028875,0.18345,Banking
HDFC Life,FY2022-23,2023-09-11,-0.983921,0.006804260385978884,0.0017806137797972679,0.007043109101487602,-0.003515651212089313,-0.004432369361949302,-0.051246910656731766,27.701208,0.00383,Insurance
HDFC Life,FY2023-24,2024-09-05,-0.494219,-0.009299992480559557,-0.01817013643045045,-0.019494909481091827,-0.061570112494160154,-0.04147391061749785,,27.939945,0.003139,Insurance
Havells,FY2022-23,2023-07-21,0.728868,-0.026113211659712504,-0.045353266716018574,-0.029089034798312468,-0.011537073911993961,0.025394339008153976,0.00488438871184459,27.336055,0.019996,Consumer
Havells,FY2023-24,2024-05-31,1.015476,0.022318942391461385,-0.028380644588388453,-0.018748671985225902,-0.032255715770856355,-0.013421646655741859,-0.06841004223858713,27.579122,0.024384,Consumer
Hero MotoCorp,FY2022-23,2023-07-17,0.291631,-0.01898869950530354,0.0035824886970319183,-0.010473296426989695,-0.0024878868868290147,-0.01346612626173066,-0.04228976449150261,26.874069,0.02373,Auto
Hero MotoCorp,FY2023-24,2024-07-19,-0.491587,-0.007072348005996296,-0.02074040682220706,-0.00485875096409714,-0.018768403915996823,-0.03610375775585265,-0.11753274404564909,27.573488,0.023187,Auto
Hindalco Industries,FY2022-23,2023-07-28,0.535133,-0.002171317097225561,0.023311418500764902,0.012025212754204428,0.01833198652947552,0.05561751361877965,0.042639403860924824,27.526271,0.268178,Metals & Mining
Hindalco Industries,FY2023-24,2024-07-29,0.064163,-0.006701258604594575,-0.005454234357255478,-0.019148924462670983,-0.0494896980247735,-0.06633587805315183,0.009725366851962958,27.849437,0.243011,Metals & Mining
Hindustan Unilever,FY2022-23,2023-07-25,1.835069,-0.0057621456003525305,-0.01035398981759326,-0.002388174959409726,-0.01753310597797975,-0.05546911761017918,-0.04419886955958431,29.425407,0.016679,FMCG
Hindustan Unilever,FY2023-24,2024-06-27,1.792778,0.006115252115500607,0.015965186668410132,0.010737760100190688,0.018083969676210395,0.013515652855112623,0.0997936450888067,29.30255,0.018905,FMCG
ICICI Bank,FY2022-23,2023-08-02,-0.945122,0.002887776115875853,-0.018173278970192146,-0.014657911181425256,-0.020515564281144233,-0.030288806424974307,-0.04297700113924567,29.44351,0.093699,Banking
ICICI Bank,FY2023-24,2024-08-05,-1.577847,0.004119027724615764,-0.0003873514767729321,0.0026128199561508405,-0.008988395936273782,-0.016980622135360633,0.015292248560678958,29.669318,0.085023,Banking
ICICI Lombard,FY2023-24,2024-06-03,0.351752,-0.009562203899800593,-0.01378645692377966,-0.007384858555003135,0.03414596711439802,-0.007814972025865157,0.026208857418575305,27.444605,0.000553,Insurance
IDFC First Bank,FY2022-23,2023-08-10,-1.103183,-0.00343404684415387,0.008892518406395282,0.00823631033858433,0.01700486330915,0.003806551883709375,-0.02597663395504698,26.621319,0.238501,Banking
IDFC First Bank,FY2023-24,2024-08-08,-1.931774,0.0018527873053752883,-0.0038998378148377257,0.0041721340780536366,-0.008033921269071707,-0.01320427243037565,0.015301453200780264,27.001923,0.148326,Banking
ITC,FY2022-23,2023-07-11,1.250504,0.010805581837397101,0.0011132426674047334,0.007708769550375968,-0.006110326318809272,-0.008891278920994923,-0.07647948054541596,29.154769,0.003567,FMCG
ITC,FY2023-24,2024-06-28,0.899384,-0.001316079500308944,0.006848054520188844,0.004788745489255399,0.01226889725385638,0.016050838966221476,0.15632938261825993,29.269922,0.003308,FMCG
Indian Oil Corporation,FY2022-23,2023-08-04,2.051839,-0.018149595641258988,-0.016597097430456724,-0.015457493386413505,-0.0076183708811572385,-0.058126732894241806,-0.11857558275037039,27.701297,0.337267,Oil & Gas
Indian Oil Corporation,FY2023-24,2024-07-18,2.107446,-0.007373238132017732,-0.0002906928477732131,-0.006480450465814831,0.055397490369440694,0.03956565195674787,-0.03103762359266914,28.468346,0.274954,Oil & Gas
Indus Towers,FY2022-23,2023-08-10,2.251835,-0.006984365134887315,0.007810030028808999,0.013847893814789208,-0.047461393409979305,-0.040822714718227744,0.10305057617242536,26.677234,0.411937,Telecom
Indus Towers,FY2023-24,2024-08-23,3.616042,-0.001141681874315264,0.0009771624710979542,-0.015730520654174324,0.022796868877746814,0.034424245851658805,-0.18124763949812653,27.38812,0.367494,Telecom
IndusInd Bank,FY2022-23,2023-08-02,-0.386255,0.0052064802883268375,-0.017160825480773294,-0.0006348822722699763,0.009266364735689706,-0.022069652388798586,-0.04894245450170748,27.443024,0.10705,Banking
IndusInd Bank,FY2023-24,2024-08-05,-1.517034,0.02917071506349124,0.03329786937206884,0.02985298961930588,-0.013057323192104803,-0.004567320327180869,0.03032324359985828,27.820592,0.092432,Banking
Infosys,FY2022-23,2023-07-12,-1.066305,-0.009544291669466565,0.026341142932023266,0.016799937851639964,0.07892313143408984,0.08197611204979012,0.04619629605935192,29.407084,0.065961,IT
Infosys,FY2023-24,2024-06-06,-1.817936,0.01790688920706393,0.04227476467454828,0.04483234647605084,0.00893346180815306,0.0017129918152879856,0.07294748607832821,29.455869,0.060643,IT
JSW Steel,FY2022-23,2023-07-07,2.213208,-0.00033057365648252526,0.02561392020458419,0.028224608828405513,0.004980313308544403,-0.010927083534070663,-0.02279474075096829,28.134482,0.50505,Metals & Mining
JSW Steel,FY2023-24,2024-07-04,2.141192,-0.009159500964479598,0.0018079451494006256,-0.002240691506775935,-0.03134829488632308,-0.017064872731689266,-0.04652467578446842,28.335496,0.462795,Metals & Mining
Jindal Steel,FY2022-23,2023-09-11,0.41546,0.004804973636609505,-0.035906020193082526,-0.017445567479733783,-0.013589301103508606,-0.06390758153154853,-0.07822363445605515,27.04614,0.187874,Metals & Mining
Jindal Steel,FY2023-24,2024-08-08,2.700875,-0.019845462859888124,-0.04082010157164192,-0.03715106021253141,-0.026358140316320902,-0.02720782886353039,-0.03439862179509987,27.469926,0.209263,Metals & Mining
Kotak Mahindra Bank,FY2022-23,2023-08-11,-0.554494,-0.0008631462375681635,-0.010467191722519547,0.0027125988061548964,-0.01611907092636974,-0.03505534680143724,-0.04263975831613957,28.867191,0.084351,Banking
Kotak Mahindra Bank,FY2023-24,2024-07-29,-1.236564,-0.013258077789021066,-0.007212239805375702,-0.01814632006415061,0.0064177156887587974,-0.0060365158412516474,-0.009108313639935528,28.897809,0.097836,Banking
LIC,FY2022-23,2023-08-22,-2.210762,0.015713985111779367,0.003359162130454693,0.005982152547328848,0.0001132582090738795,-0.007131699922172467,-0.018582410325598993,28.848827,0.00431,Insurance
LIC,FY2023-24,2024-07-29,-2.338102,-0.015763361638318527,-0.011053844577056583,-0.006483710061017323,-0.01662630385600373,0.023616613349799455,-0.06901718171333157,29.387956,0.00431,Insurance
LTIMindtree,FY2022-23,2023-06-28,0.682107,-0.024242719381006087,0.00820822839670572,-0.015893307029087263,,,,27.9728,0.065594,IT
LTIMindtree,FY2023-24,2024-06-03,1.653331,-0.036257787605701336,-0.0017235507031242714,0.011815314676784872,0.01848280341077128,,,28.010242,0.075122,IT
LTTS,FY2022-23,2023-06-26,-0.55147,-0.005796847668734241,-0.03490871740514836,-0.004515967579964742,-0.011470222214341928,-0.010485802784072282,-0.028217303959060927,26.600448,0.055406,Infrastructure
LTTS,FY2023-24,2024-06-04,-0.539639,0.05309007097021874,0.030325305085543833,0.06455371725622402,0.08281405722537262,0.04417863251042762,0.03939915814262242,27.085969,0.077611,Infrastructure
Larsen & Toubro,FY2022-23,2023-07-17,1.196439,-0.008431726964940708,-0.007274576474257317,-0.007297563178403603,0.0401847230981083,0.032402309085480835,0.03737651455523175,28.743452,0.365217,Infra
Larsen & Toubro,FY2023-24,2024-06-11,0.612526,0.012605154947441815,0.015335789835680954,0.015074526054950101,-0.011683340889099881,-0.10499940139643238,-0.13473961290886494,29.274689,0.341987,Infra
Lupin,FY2022-23,2023-09-15,2.299167,-0.008836457338924499,-0.014620633964455471,-0.018311363756067386,-0.036955586506309805,-0.038869609427221584,4.117333356912743e-05,26.410275,0.197836,Pharma
Lupin,FY2023-24,2024-07-12,0.999829,-0.014786240194786922,-0.007805333388815901,0.00015112175153854032,-0.017481206955153344,0.0026998747841938432,0.12413775110465684,27.325503,0.121755,Pharma
Mahindra & Mahindra,FY2022-23,2023-07-03,-0.129271,0.0027345663555785925,0.029007976529083067,-0.002075358872446007,0.054823409941438986,0.08626627465944953,-0.002960631776437359,27.996273,0.448036,Auto
Mahindra & Mahindra,FY2023-24,2024-07-01,0.108236,-0.0061078937649939255,-0.020054252858250705,-0.009487978371027859,-0.03453408525027827,-0.0482919835475755,-0.06813984521749251,28.392702,0.451228,Auto
Marico,FY2022-23,2023-07-13,-1.032076,-0.007402248352408132,0.011630606664491762,-0.00016891525447153537,-0.008005500976906464,-0.010237194591214124,0.061526295497780804,27.152732,0.087532,FMCG
Marico,FY2023-24,2024-07-12,-0.876439,0.007169498577599836,0.007747574362046953,0.010315257140162135,0.03477479510178106,0.092083492984796,0.05520235652078131,27.189,0.071149,FMCG
Maruti Suzuki,FY2022-23,2023-08-10,-1.50258,-0.003998305037907967,-0.015330806950813613,-0.004707212289796507,0.010935247331204651,-0.014751716195147991,0.0447253030689337,28.549267,0.012428,Auto
Maruti Suzuki,FY2023-24,2024-08-05,0.136721,-0.02188388099597632,-0.06582912209052094,-0.024979350817868368,-0.027123039363260548,-0.02063355140928611,-0.036682318081995326,29.007665,0.001028,Auto
Mphasis,FY2022-23,2023-06-27,-1.081928,0.007472406545275055,-0.007272414646390905,0.004906986714905532,0.0037513345557809302,-0.013349081768072844,0.1674775107127951,26.547243,0.090682,IT
Mphasis,FY2023-24,2024-07-01,-0.39893,0.009752470634162652,0.021330559042058425,0.01610954915067532,0.04711819591843809,0.04718663986682885,0.147973664690762,26.83536,0.169041,IT
Muthoot Finance,FY2022-23,2023-09-07,-0.114819,-0.005692879769687245,-0.011369731145866913,-0.005142085815403784,-0.007066474028662659,-0.03180095318767347,-0.0938042044780678,26.698091,0.692537,Financial Services
Muthoot Finance,FY2023-24,2024-09-10,-0.237537,-0.021330077835110473,-0.017094504679537388,-0.02226175369637577,-0.004268164412361558,0.018607325082376967,,27.110724,0.702207,Financial Services
NALCO,FY2022-23,2023-09-26,-0.928301,-0.0015376435898648761,-0.012933862462971093,-0.009108666054240962,0.02740181092042909,0.019270662920818464,0.02661644325327014,25.693023,0.005935,Metals & Mining
NALCO,FY2023-24,2024-09-12,-0.617685,0.006598255459379032,0.009234213549810896,0.02085438584096189,0.029506547305917938,0.035198049642491784,,26.358692,0.005011,Metals & Mining
NMDC,FY2022-23,2023-08-10,-0.48225,0.012281900021917702,0.025001427970970866,0.016581338601279166,0.03404183403863875,0.013108988182693281,0.17956502004568486,26.512948,0.07104,Metals & Mining
NMDC,FY2023-24,2024-09-12,-0.572297,0.013404040399691286,0.02391061482022243,0.03560159952034821,0.0012103333105664303,-0.005038904599629062,,27.105504,0.094186,Metals & Mining
NTPC,FY2022-23,2023-08-28,-0.648789,0.00033903477052839824,-0.0015768557076589404,0.008094035145381897,0.0590201386338612,0.06435069870660635,0.06529227860320652,28.160405,0.49767,Energy
NTPC,FY2023-24,2024-08-06,-0.273546,0.011132163989060768,0.019434774094377865,-0.017120024067882572,-0.05786961926024781,0.05045406251029955,-0.012050489903674036,28.811564,0.493821,Energy
Nestle India,FY2023-24,2024-06-18,0.375078,0.00072382065724749,-0.012519464812605935,-0.005918040672737505,-0.01178792765430284,-0.004654045931654608,0.018010819849047028,28.71202,0.08621,FMCG
ONGC,FY2022-23,2023-08-23,1.063488,-0.006137520488205952,-0.02174054213763873,-0.019506856851683095,-0.008095815357913335,-0.024512163900052703,0.015276680205535848,28.273007,0.274971,Energy
ONGC,FY2023-24,2024-08-07,1.639259,0.043994524882913166,0.02796800715306398,0.03452463624968101,0.05233310794349319,0.04373350983533719,-0.09609326824489262,28.84657,0.257676,Energy
Oracle Financial,FY2023-24,2024-06-26,-1.504047,-0.029512698245677357,-0.009940345202610182,0.001765162745550726,0.035737431917098925,0.03132821436004764,0.056199474287623445,27.357197,0.004328,IT
PNB,FY2022-23,2023-07-04,-0.504774,0.05585606702393059,0.11050759297852034,0.07821662436820631,0.10114969515367417,0.11195391704475927,0.07933783982709683,26.963763,0.046965,Banking
PNB,FY2023-24,2024-06-07,-1.34063,-0.02774137218538844,-0.04423657249657533,-0.031197062846608472,-0.04409711237904612,-0.0989970883038375,-0.24439947993072977,27.945664,0.045405,Banking
Paytm,FY2022-23,2023-08-22,-2.666846,0.02012744025739089,0.04206869586358327,0.07284699847724475,0.015389021753845426,-0.015511460849152208,-0.041537514799765,26.723681,0.012429,Financial Services
Paytm,FY2023-24,2024-08-21,-1.685037,0.0016171656881138882,-0.03583400316275447,-0.03379949560327746,-0.05746024559745343,0.052853749833188426,0.31175209476207927,26.267855,0.009447,Financial Services
Persistent Systems,FY2022-23,2023-06-23,-0.988838,-0.002345443652713457,0.007989401818196809,0.013286679600286141,-0.03826411953418216,-0.0715444793172354,-0.12397952670445667,26.566804,0.098538,IT
Pidilite,FY2022-23,2023-07-14,-1.529415,-0.0034862521842441087,-0.0027668600338783076,-0.0015280556125138417,0.005089325301288425,-0.0049989913074199085,-0.051677600741156356,27.810057,0.037113,Consumer
Pidilite,FY2023-24,2024-07-12,-1.739368,-0.006087485583948281,-0.0015316434214672691,-0.0007868049101653167,-0.003626762332969184,0.014476113416624104,-0.018849094458628608,28.058446,0.031599,Consumer
PolicyBazaar,FY2022-23,2023-09-06,-1.842946,0.011981718931006153,0.0013110224584923667,0.007478671454233176,-0.02196908509016121,-0.05274750807112909,-0.040670938898009094,26.376405,0.036231,Financial Services
PolicyBazaar,FY2023-24,2024-09-05,-1.738162,-0.007606781036148973,0.003414418869168181,-0.0023389654864756273,0.029397603356256477,0.0102238926936467,,26.946429,0.03765,Financial Services
Power Grid,FY2022-23,2023-08-09,1.208617,-0.007142608720170569,-0.025066639211717257,0.0009914814619957323,0.013096490049605992,-0.02601638263322427,0.0022917976005535703,28.08487,0.509701,Energy
Power Grid,FY2023-24,2024-08-06,-0.068291,-0.0007886135754620266,0.004940233681384218,0.00741889817939462,-0.03038466565088035,0.018304601087735375,-0.06449494425214276,28.577002,0.506212,Energy
Reliance Industries,FY2022-23,2023-08-14,2.343761,0.014624360839360298,0.02243479621054175,0.012308824941460891,-0.011353313370428476,0.0077107448382053925,-0.0562439967788413,30.309137,0.208029,Energy
Reliance Industries,FY2023-24,2024-08-07,1.47888,-0.01245467757606009,-0.004346656928226084,-0.01578022569848765,-0.0024672441075491843,0.009080407742793898,-0.008606246111183092,30.632081,0.197121,Energy
SAIL,FY2022-23,2024-01-17,1.621451,-0.02332866561085005,0.03055604630712451,-0.017241008268416548,0.038910541500546444,0.051068311087849594,0.059336651520512554,26.55689,0.235846,Metals & Mining
SAIL,FY2023-24,2024-09-04,1.943375,-0.004463420426208627,-0.010583093793133807,0.0013321909466349575,-0.0014795364012247358,-0.04425084799046839,,27.041374,0.258141,Metals & Mining
SBI,FY2023-24,2024-05-27,-0.643727,0.005506693748446411,0.0035251894659017735,0.007616821136996642,0.07537402630036978,0.06658692466716448,-0.02796581485569926,29.53528,0.082644,Banking
SBI Life,FY2022-23,2023-08-04,-0.01595,0.004293127798504404,0.02681646103268444,0.027904738260557373,0.042739362479373016,0.019885785234499066,0.018216369122181747,27.728225,0.0,Insurance
SBI Life,FY2023-24,2024-08-05,1.227931,0.009318616001737882,-0.02044890422893189,-0.015319772362035536,-0.012992197610259213,-0.015828264266923013,0.08031115462940523,28.038117,0.0,Insurance
Shree Cement,FY2022-23,2023-07-03,0.852211,0.004552525554636677,-0.013916072766876262,0.000846241223955331,-0.004796871342803494,-0.09168468850440974,-0.12143344814640074,27.574286,0.103466,Cement
Shree Cement,FY2023-24,2024-07-12,0.69794,-0.0055764310098304435,-0.014590816890190761,-0.009634513308617157,0.010337151583376355,0.022173143657207715,-0.1022552814161956,27.554849,0.059225,Cement
Shriram Finance,FY2022-23,2023-06-01,-0.436104,0.007320028492696882,-0.00441681185408132,0.0064162266125542275,-0.0028376699799851513,0.0037182480878956755,0.18772328536942548,26.879299,0.611136,Financial Services
Shriram Finance,FY2023-24,2024-07-09,-0.76167,-0.012798692645691941,-0.038998563909953786,-0.01888278536863377,-0.017683485471571735,-0.07780118854045687,-0.026551510473911785,27.510881,0.611304,Financial Services
Siemens India,FY2022-23,2024-01-18,-1.500489,-0.013738134457133323,0.015770008798818822,0.002426111574644417,0.03426041074674763,0.01347493701610785,0.006465142294137227,27.084939,0.009056,Infrastructure
Sun Pharma,FY2022-23,2023-07-31,-0.095284,0.0008031228584023625,0.0022306002761453545,0.00042714646778883273,0.015603831422299708,0.04875290995018832,-0.002681859454792446,28.489168,0.085281,Pharma
Sun Pharma,FY2023-24,2024-07-09,0.627426,0.01572021155119736,0.016245866359144434,0.024652635263354927,0.004012116447656893,0.0177478315938125,0.10326136846936208,28.988978,0.038289,Pharma
TCS,FY2022-23,2023-06-07,-0.579132,0.005799593518040062,-0.017870960736069745,-7.538490488847704e-05,-0.0031962905613933455,-0.030538475188162082,-0.03600990488063933,30.093218,0.053519,IT
TCS,FY2023-24,2024-06-12,-1.244873,-0.008397378716221676,-0.0023917582792223908,0.0005399991634832159,-0.029490888477170425,-0.03859845519966555,-0.02121635300950131,30.271848,0.05477,IT
TVS Motor,FY2022-23,2023-06-28,-1.38458,0.011442189571601601,0.0008425489110682489,-0.0024098244839318612,-0.0331212262217735,-0.07010683745626058,-0.07739685038025836,26.961129,0.635076,Auto
TVS Motor,FY2023-24,2024-07-12,-1.46827,-0.01898805801528714,-0.007199776512766432,-0.019443918313840892,-0.02616069808940549,0.00998972313266449,0.05276421803463336,27.653092,0.61595,Auto
Tata Consumer,FY2022-23,2023-05-23,0.539542,0.0032162062145264804,0.0023232278550023304,0.006445433484866819,0.01775559440209177,-0.005259759571265699,0.06268411651302105,27.22563,0.070143,FMCG
Tata Consumer,FY2023-24,2024-05-22,2.174468,0.021598342144241604,0.0025395182544201943,0.009087029768800162,-0.026407636398792227,-0.05835686231533614,-0.07891244331612049,27.686911,0.124094,FMCG
Tata Power,FY2022-23,2023-05-29,-0.374194,0.017199058435060116,0.01096291163315452,0.01543974481258515,0.024469865370955107,0.035135106645173546,0.031007275754424673,27.133815,0.412337,Energy
Tata Power,FY2023-24,2024-06-21,0.798403,-0.006643770873785514,-0.022827202101751033,-0.018672231347998208,-0.031356915480017074,-0.07576500381011286,-0.154556191878103,27.861818,0.422829,Energy
Tata Steel,FY2022-23,2023-06-15,4.104244,0.0024242675003969933,0.01873447762069928,-0.0028039987487439868,-0.02428826452800803,-0.0062910835769655685,0.00687740593201042,27.874696,0.294745,Metals & Mining
Tata Steel,FY2023-24,2024-06-24,3.324593,-0.01474864218814723,-0.04160241630367047,-0.033226051600216897,-0.06674643009909567,-0.09287692458763146,-0.1869709112596238,28.295634,0.318488,Metals & Mining
Tech Mahindra,FY2022-23,2023-09-12,-0.775153,0.009411785925882264,-0.0046290846397470725,0.000893403604478123,0.01677172934853219,-0.0028016716925789442,-0.06108142627478022,27.600078,0.059372,IT
Tech Mahindra,FY2023-24,2024-07-03,-0.44174,-0.0005491712926766557,-0.014675848399137431,-0.01650285816824713,-0.01529468737112442,0.005979574380984138,0.045641762868539854,27.727673,0.058418,IT
Titan,FY2022-23,2023-08-30,-1.351282,-0.0014517473467465154,0.014453446530675026,0.007150939873515042,0.012371204464177934,0.00994302748757411,0.0015331618132058515,28.43672,0.346631,Consumer
Titan,FY2023-24,2024-06-18,-1.520233,0.012582011009527203,-0.006800547820099825,-0.018357376652209934,-0.04001122733313099,-0.030734761817595664,-0.10671239713301763,28.846655,0.492171,Consumer
Torrent Pharma,FY2022-23,2023-07-17,1.261839,-0.004663055202073173,-0.009468854135762955,-0.012850136744875604,-0.009539196569828903,0.003884748302520554,0.00971613872662881,26.977559,0.357621,Pharma
Torrent Pharma,FY2023-24,2024-07-01,0.324117,-0.007953732768694965,0.010254774885469532,0.005118400355575618,0.016302016310949657,-0.010970063899407495,0.037617216642458325,27.503371,0.267051,Pharma
UltraTech Cement,FY2022-23,2023-07-19,1.244924,0.013847421076626648,-0.01402324410300428,-0.004001662245429239,0.01133274248324788,-0.022323210788308658,-0.04500405791244118,28.418207,0.120999,Cement
UltraTech Cement,FY2023-24,2024-07-22,1.294061,0.018891652143761425,0.005984225986649201,0.024611899864881458,0.029890130997362256,0.01017392178467335,-0.032011083641714864,28.664077,0.113122,Cement
Vedanta Limited,FY2022-23,2023-06-20,4.083764,0.0031254306749184694,0.0021835074685322975,-0.00455930915781664,0.0016568851983833292,-0.0033392820578453247,-0.04462131003996522,27.649927,0.340972,Metals & Mining
Vedanta Limited,FY2023-24,2024-06-19,4.615491,-0.0021044016012259394,0.04379395486285916,0.04066915135071553,-0.028532914057536694,-0.04369325213774053,-0.0705682069296821,27.638634,0.38138,Metals & Mining
Vodafone Idea,FY2022-23,2023-06-26,-0.687359,0.024333334498480803,0.009522517367702894,-0.0007889362627074882,-0.029162694502684147,-0.05418342990638594,0.002912214212251697,26.366386,1.147283,Telecom
Vodafone Idea,FY2023-24,2024-08-05,0.164591,0.024798239202358165,0.05474274857596916,0.022343028392862417,0.025978608712915845,0.03602050545645567,-0.11310427559501623,27.22168,1.317903,Telecom
Wipro,FY2022-23,2023-07-27,-0.173843,-0.002681810292551023,-0.00407040592311687,-0.006374686997190725,0.01039934902104655,-0.02234428024824657,0.015430585746016107,28.324592,0.148548,IT
Wipro,FY2023-24,2024-06-24,-0.758297,-0.001578745960104456,0.011889538960150003,0.008622882875446984,0.05742030075470796,0.07021592831831654,0.025727118616664105,28.549602,0.142868,IT
