company,ticker,year,market_cap,log_market_cap,total_debt,total_assets,leverage,source_year
ABB India,ABB.NS,FY2022-23,568550170125.0,27.066355,330900000.0,93182300000.0,0.003551,mcap=2022-12-30;bs=2022-12-31
ABB India,ABB.NS,FY2023-24,990639887562.93,27.621617,489800000.0,110011900000.0,0.004452,mcap=2023-12-29;bs=2023-12-31
ACC,ACC.NS,FY2022-23,458501399679.4,26.851229,1318100000.0,200898600000.0,0.006561,mcap=2022-12-30;bs=2022-12-31
ACC,ACC.NS,FY2023-24,467909514047.8,26.871541,3548500000.0,233677400000.0,0.015185,mcap=2024-03-28;bs=2024-03-31
Adani Enterprises,ADANIENT.NS,FY2022-23,2058327786569.79,28.352915,530126000000.0,1414878200000.0,0.37468,mcap=2023-03-31;bs=2023-03-31
Adani Enterprises,ADANIENT.NS,FY2023-24,3759421949222.42,28.955286,653101500000.0,1607318500000.0,0.40633,mcap=2024-03-28;bs=2024-03-31
Adani Green,ADANIGREEN.NS,FY2022-23,1395770256662.37,27.964468,542240000000.0,673610000000.0,0.804976,mcap=2023-03-31;bs=2023-03-31
Adani Green,ADANIGREEN.NS,FY2023-24,2906937240674.37,28.698121,648580000000.0,885380000000.0,0.732544,mcap=2024-03-28;bs=2024-03-31
Adani Ports,ADANIPORTS.NS,FY2022-23,1364991852083.27,27.94217,524428400000.0,1147630900000.0,0.456966,mcap=2023-03-31;bs=2023-03-31
Adani Ports,ADANIPORTS.NS,FY2023-24,2898582390610.48,28.695243,491666600000.0,1189178700000.0,0.413451,mcap=2024-03-28;bs=2024-03-31
Alkem Labs,ALKEM.NS,FY2022-23,406054708176.27,26.729754,13966800000.0,137566500000.0,0.101528,mcap=2023-03-31;bs=2023-03-31
Alkem Labs,ALKEM.NS,FY2023-24,590890230000.0,27.104896,14184100000.0,155749000000.0,0.09107,mcap=2024-03-28;bs=2024-03-31
Ambuja Cements,AMBUJACEM.NS,FY2022-23,1070583513088.0,27.699225,8659300352,,0.01205,mcap=current_proxy;bs=current_proxy+debt_current_proxy
Ambuja Cements,AMBUJACEM.NS,FY2023-24,1345746836985.25,27.92797,6990100000.0,651036800000.0,0.010737,mcap=2024-03-28;bs=2024-03-31
Angel One,ANGELONE.NS,FY2022-23,97004648876.77,25.298025,7878520000.0,74776710000.0,0.105361,mcap=2023-03-31;bs=2023-03-31
Angel One,ANGELONE.NS,FY2023-24,255804932460.0,26.267681,25411220000.0,132537330000.0,0.191729,mcap=2024-03-28;bs=2024-03-31
Apollo Hospitals,APOLLOHOSP.NS,FY2022-23,619841263819.83,27.152729,43324000000.0,144278000000.0,0.300281,mcap=2023-03-31;bs=2023-03-31
Apollo Hospitals,APOLLOHOSP.NS,FY2023-24,914010279534.66,27.541108,53326000000.0,167531000000.0,0.318305,mcap=2024-03-28;bs=2024-03-31
Ashok Leyland,ASHOKLEY.NS,FY2022-23,408708907858.85,26.736269,311609300000.0,547460100000.0,0.569191,mcap=2023-03-31;bs=2023-03-31
Ashok Leyland,ASHOKLEY.NS,FY2023-24,502846046015.0,26.94355,408021800000.0,675956000000.0,0.603622,mcap=2024-03-28;bs=2024-03-31
Asian Paints,ASIANPAINT.NS,FY2022-23,2647980754139.42,28.604818,19326200000.0,257980000000.0,0.074914,mcap=2023-03-31;bs=2023-03-31
Asian Paints,ASIANPAINT.NS,FY2023-24,2729584075551.25,28.63517,24743800000.0,299240900000.0,0.082689,mcap=2024-03-28;bs=2024-03-31
Aurobindo Pharma,AUROPHARMA.NS,FY2022-23,303574779017.76,26.438894,52862100000.0,398899900000.0,0.13252,mcap=2023-03-31;bs=2023-03-31
Aurobindo Pharma,AUROPHARMA.NS,FY2023-24,637940660548.75,27.181511,66476300000.0,450715100000.0,0.147491,mcap=2024-03-28;bs=2024-03-31
Axis Bank,AXISBANK.NS,FY2022-23,2641477452302.0,28.60236,1984445700000.0,13444179600000.0,0.147606,mcap=2023-03-31;bs=2023-03-31
Axis Bank,AXISBANK.NS,FY2023-24,3232256345988.56,28.804202,2281995500000.0,15182385300000.0,0.150305,mcap=2024-03-28;bs=2024-03-31
BPCL,BPCL.NS,FY2022-23,733171498868.37,27.320645,693760300000.0,1881381900000.0,0.36875,mcap=2023-03-31;bs=2023-03-31
BPCL,BPCL.NS,FY2023-24,1286902616204.38,27.883259,545990500000.0,2024177500000.0,0.269734,mcap=2024-03-28;bs=2024-03-31
BSE Ltd,BSE.NS,FY2022-23,58377730396.05,24.7902,200000.0,59938100000.0,3e-06,mcap=2023-03-31;bs=2023-03-31
BSE Ltd,BSE.NS,FY2023-24,340593393175.9,26.553955,200000.0,94502300000.0,2e-06,mcap=2024-03-28;bs=2024-03-31
Bajaj Auto,BAJAJ-AUTO.NS,FY2022-23,1099218596490.5,27.725621,0.0,351364500000.0,0.0,mcap=2023-03-31;bs=2023-03-31
Bajaj Auto,BAJAJ-AUTO.NS,FY2023-24,2553978393905.99,28.568673,17859000000.0,393656800000.0,0.045367,mcap=2024-03-28;bs=2024-03-31
Bajaj Finance,BAJFINANCE.NS,FY2022-23,3394880634354.16,28.85329,1644669400000.0,2752263100000.0,0.59757,mcap=2023-03-31;bs=2023-03-31
Bajaj Finance,BAJFINANCE.NS,FY2023-24,4477622547673.61,29.130113,2184371100000.0,3757416200000.0,0.581349,mcap=2024-03-28;bs=2024-03-31
Bajaj Finserv,BAJAJFINSV.NS,FY2022-23,2014715852323.5,28.331499,1675994100000.0,4055091900000.0,0.413306,mcap=2023-03-31;bs=2023-03-31
Bajaj Finserv,BAJAJFINSV.NS,FY2023-24,2620507854159.9,28.594389,2287817000000.0,5379296300000.0,0.4253,mcap=2024-03-28;bs=2024-03-31
Bank of Baroda,BANKBARODA.NS,FY2022-23,873184535487.64,27.495413,1054811554000.0,15258789729000.0,0.069128,mcap=2023-03-31;bs=2023-03-31
Bank of Baroda,BANKBARODA.NS,FY2023-24,1365498120237.97,27.94254,930891013000.0,16547793845000.0,0.056255,mcap=2024-03-28;bs=2024-03-31
Bharti Airtel,BHARTIARTL.NS,FY2022-23,4467411675930.0,29.12783,2260203000000.0,4466332000000.0,0.506054,mcap=2023-03-31;bs=2023-03-31
Bharti Airtel,BHARTIARTL.NS,FY2023-24,7425973637740.94,29.636005,2155923000000.0,4445310000000.0,0.484988,mcap=2024-03-28;bs=2024-03-31
Biocon,BIOCON.NS,FY2022-23,246379375785.72,26.230138,180188000000.0,520428000000.0,0.34623,mcap=2023-03-31;bs=2023-03-31
Biocon,BIOCON.NS,FY2023-24,316136028690.58,26.479438,162767000000.0,560707000000.0,0.290289,mcap=2024-03-28;bs=2024-03-31
Bosch India,BOSCHLTD.NS,FY2022-23,571288868956.95,27.071161,532000000.0,162523000000.0,0.003273,mcap=2023-03-31;bs=2023-03-31
Bosch India,BOSCHLTD.NS,FY2023-24,885732373973.91,27.509681,393000000.0,173485000000.0,0.002265,mcap=2024-03-28;bs=2024-03-31
Britannia,BRITANNIA.NS,FY2022-23,1041068882034.11,27.671269,30076200000.0,93527200000.0,0.321577,mcap=2023-03-31;bs=2023-03-31
Britannia,BRITANNIA.NS,FY2023-24,1182964418730.0,27.799045,20746300000.0,90735600000.0,0.228646,mcap=2024-03-28;bs=2024-03-31
CDSL,CDSL.NS,FY2022-23,94964375000.0,25.276768,23705000.0,14571700000.0,0.001627,mcap=2023-03-31;bs=2023-03-31
CDSL,CDSL.NS,FY2023-24,178898769897.46,25.910086,13558000.0,17816493000.0,0.000761,mcap=2024-03-28;bs=2024-03-31
Cholamandalam,CHOLAFIN.NS,FY2022-23,625819312988.13,27.162328,975243900000.0,1136269000000.0,0.858286,mcap=2023-03-31;bs=2023-03-31
Cholamandalam,CHOLAFIN.NS,FY2023-24,971508080942.15,27.602115,1348477800000.0,1566864100000.0,0.860622,mcap=2024-03-28;bs=2024-03-31
Cipla,CIPLA.NS,FY2022-23,726839108996.5,27.311971,8031200000.0,294632800000.0,0.027258,mcap=2023-03-31;bs=2023-03-31
Cipla,CIPLA.NS,FY2023-24,1208588084038.68,27.820474,5594100000.0,327178200000.0,0.017098,mcap=2024-03-28;bs=2024-03-31
Coal India,COALINDIA.NS,FY2022-23,1316666869449.24,27.906125,43314200000.0,2224306600000.0,0.019473,mcap=2023-03-31;bs=2023-03-31
Coal India,COALINDIA.NS,FY2023-24,2675240404365.01,28.61506,65230300000.0,2376722600000.0,0.027445,mcap=2024-03-28;bs=2024-03-31
Coforge,COFORGE.NS,FY2022-23,232992234065.08,26.174271,5622000000.0,56834000000.0,0.09892,mcap=2023-03-31;bs=2023-03-31
Coforge,COFORGE.NS,FY2023-24,340166914411.8,26.552702,7260000000.0,61077000000.0,0.118866,mcap=2024-03-28;bs=2024-03-31
Colgate India,COLPAL.NS,FY2022-23,409977538769.63,26.739368,689615000.0,28829893000.0,0.02392,mcap=2023-03-31;bs=2023-03-31
Colgate India,COLPAL.NS,FY2023-24,737176289673.0,27.326093,717500000.0,31965300000.0,0.022446,mcap=2024-03-28;bs=2024-03-31
Cummins India,CUMMINSIND.NS,FY2022-23,451725113232.42,26.83634,3760900000.0,79186400000.0,0.047494,mcap=2023-03-31;bs=2023-03-31
Cummins India,CUMMINSIND.NS,FY2023-24,833332500000.0,27.448699,1269800000.0,89705100000.0,0.014155,mcap=2024-03-28;bs=2024-03-31
Dabur,DABUR.NS,FY2022-23,965433954789.54,27.595844,11737900000.0,136543700000.0,0.085964,mcap=2023-03-31;bs=2023-03-31
Dabur,DABUR.NS,FY2023-24,927042330862.97,27.555265,13650900000.0,151226800000.0,0.090268,mcap=2024-03-28;bs=2024-03-31
Divi's Labs,DIVISLAB.NS,FY2022-23,749510741267.67,27.342686,40000000.0,144390000000.0,0.000277,mcap=2023-03-31;bs=2023-03-31
Divi's Labs,DIVISLAB.NS,FY2023-24,914618911636.33,27.541773,30000000.0,154700000000.0,0.000194,mcap=2024-03-28;bs=2024-03-31
Dr Reddy's,DRREDDY.NS,FY2022-23,768101022711.6,27.367187,13472000000.0,321854000000.0,0.041857,mcap=2023-03-31;bs=2023-03-31
Dr Reddy's,DRREDDY.NS,FY2023-24,1025465659611.77,27.656168,20020000000.0,387518000000.0,0.051662,mcap=2024-03-28;bs=2024-03-31
Eicher Motors,EICHERMOT.NS,FY2022-23,806963504060.99,27.416544,2884100000.0,191976400000.0,0.015023,mcap=2023-03-31;bs=2023-03-31
Eicher Motors,EICHERMOT.NS,FY2023-24,1100506982028.42,27.726792,4194400000.0,231279300000.0,0.018136,mcap=2024-03-28;bs=2024-03-31
Emami,EMAMILTD.NS,FY2022-23,158174327114.87,25.786964,905080000.0,31098520000.0,0.029104,mcap=2023-03-31;bs=2023-03-31
Emami,EMAMILTD.NS,FY2023-24,187411277664.18,25.956571,939559000.0,32797020000.0,0.028648,mcap=2024-03-28;bs=2024-03-31
Escorts Kubota,ESCORTS.NS,FY2022-23,245392816838.9,26.226126,573000000.0,100852300000.0,0.005682,mcap=2023-03-31;bs=2023-03-31
Escorts Kubota,ESCORTS.NS,FY2023-24,301175224801.31,26.430958,4484600000.0,124017200000.0,0.036161,mcap=2024-03-28;bs=2024-03-31
Federal Bank,FEDERALBNK.NS,FY2022-23,279973417677.03,26.35796,258619785000.0,2680040566000.0,0.096498,mcap=2023-03-31;bs=2023-03-31
Federal Bank,FEDERALBNK.NS,FY2023-24,365789853655.5,26.625325,223086197000.0,3178389465000.0,0.070188,mcap=2024-03-28;bs=2024-03-31
Godrej Consumer,GODREJCP.NS,FY2022-23,990122497089.85,27.621095,11295800000.0,174987700000.0,0.064552,mcap=2023-03-31;bs=2023-03-31
Godrej Consumer,GODREJCP.NS,FY2023-24,1280366537784.6,27.878168,32222100000.0,184958900000.0,0.174212,mcap=2024-03-28;bs=2024-03-31
Grasim Industries,GRASIM.NS,FY2022-23,1075022140731.5,27.703362,1030273700000.0,3372050300000.0,0.305533,mcap=2023-03-31;bs=2023-03-31
Grasim Industries,GRASIM.NS,FY2023-24,1551771039357.92,28.070418,1371439100000.0,4125390800000.0,0.332439,mcap=2024-03-28;bs=2024-03-31
HCL Technologies,HCLTECH.NS,FY2022-23,2938167804390.75,28.708807,47860000000.0,934110000000.0,0.051236,mcap=2023-03-31;bs=2023-03-31
HCL Technologies,HCLTECH.NS,FY2023-24,4179918894741.45,29.061313,57560000000.0,997770000000.0,0.057689,mcap=2024-03-28;bs=2024-03-31
HDFC Bank,HDFCBANK.NS,FY2022-23,8980875273654.68,29.826118,3151792800000.0,25755624000000.0,0.122373,mcap=2023-03-31;bs=2023-03-31
HDFC Bank,HDFCBANK.NS,FY2023-24,10999549707504.46,30.028875,8093552100000.0,44118573000000.0,0.18345,mcap=2024-03-28;bs=2024-03-31
HDFC Life,HDFCLIFE.NS,FY2022-23,1072709090192.76,27.701208,9500000000.0,2480692516000.0,0.00383,mcap=2023-03-31;bs=2023-03-31
HDFC Life,HDFCLIFE.NS,FY2023-24,1361958506471.45,27.939945,9500000000.0,3026869500000.0,0.003139,mcap=2024-03-28;bs=2024-03-31
Havells,HAVELLS.NS,FY2022-23,744556954153.0,27.336055,2231000000.0,111574400000.0,0.019996,mcap=2023-03-31;bs=2023-03-31
Havells,HAVELLS.NS,FY2023-24,949424790450.0,27.579122,3031600000.0,124326900000.0,0.024384,mcap=2024-03-28;bs=2024-03-31
Hero MotoCorp,HEROMOTOCO.NS,FY2022-23,469093781562.9,26.874069,5675400000.0,239170300000.0,0.02373,mcap=2023-03-31;bs=2023-03-31
Hero MotoCorp,HEROMOTOCO.NS,FY2023-24,944090398477.08,27.573488,6064100000.0,261527900000.0,0.023187,mcap=2024-03-28;bs=2024-03-31
Hindalco Industries,HINDALCO.NS,FY2022-23,900549646485.73,27.526271,602910000000.0,2248170000000.0,0.268178,mcap=2023-03-31;bs=2023-03-31
Hindalco Industries,HINDALCO.NS,FY2023-24,1244104320357.0,27.849437,563560000000.0,2319070000000.0,0.243011,mcap=2024-03-28;bs=2024-03-31
Hindustan Unilever,HINDUNILVR.NS,FY2022-23,6015776217113.97,29.425407,12190000000.0,730870000000.0,0.016679,mcap=2023-03-31;bs=2023-03-31
Hindustan Unilever,HINDUNILVR.NS,FY2023-24,5320297203561.97,29.30255,14840000000.0,784990000000.0,0.018905,mcap=2024-03-28;bs=2024-03-31
ICICI Bank,ICICIBANK.NS,FY2022-23,6125675100019.75,29.44351,1835094403000.0,19584904970000.0,0.093699,mcap=2023-03-31;bs=2023-03-31
ICICI Bank,ICICIBANK.NS,FY2023-24,7677519901379.38,29.669318,2009987053000.0,23640630275000.0,0.085023,mcap=2024-03-28;bs=2024-03-31
ICICI Lombard,ICICIGI.NS,FY2022-23,525258297658.5,26.987156,350000000.0,550862045000.0,0.000635,mcap=2023-03-31;bs=2023-03-31
ICICI Lombard,ICICIGI.NS,FY2023-24,829928379427.5,27.444605,350000000.0,633082900000.0,0.000553,mcap=2024-03-28;bs=2024-03-31
IDFC First Bank,IDFCFIRSTB.NS,FY2022-23,364327600921.57,26.621319,572120920000.0,2398820511000.0,0.238501,mcap=2023-03-31;bs=2023-03-31
IDFC First Bank,IDFCFIRSTB.NS,FY2023-24,533072269304.05,27.001923,439357300000.0,2962097800000.0,0.148326,mcap=2024-03-28;bs=2024-03-31
ITC,ITC.NS,FY2022-23,4589393344207.41,29.154769,3063400000.0,858829800000.0,0.003567,mcap=2023-03-31;bs=2023-03-31
ITC,ITC.NS,FY2023-24,5149507547787.9,29.269922,3037300000.0,918261600000.0,0.003308,mcap=2024-03-28;bs=2024-03-31
Indian Oil Corporation,IOC.NS,FY2022-23,1072804599465.83,27.701297,1489770800000.0,4417184800000.0,0.337267,mcap=2023-03-31;bs=2023-03-31
Indian Oil Corporation,IOC.NS,FY2023-24,2310179307257.25,28.468346,1326275600000.0,4823620000000.0,0.274954,mcap=2024-03-28;bs=2024-03-31
Indus Towers,INDUSTOWER.NS,FY2022-23,385279269804.0,26.677234,191849000000.0,465724000000.0,0.411937,mcap=2023-03-31;bs=2023-03-31
Indus Towers,INDUSTOWER.NS,FY2023-24,784349135644.37,27.38812,205310000000.0,558676000000.0,0.367494,mcap=2024-03-28;bs=2024-03-31
IndusInd Bank,INDUSINDBK.NS,FY2022-23,828617238818.59,27.443024,490112342000.0,4578366330000.0,0.10705,mcap=2023-03-31;bs=2023-03-31
IndusInd Bank,INDUSINDBK.NS,FY2023-24,1208730883903.0,27.820592,476114113000.0,5150939711000.0,0.092432,mcap=2024-03-28;bs=2024-03-31
Infosys,INFY.NS,FY2022-23,5906554935531.68,29.407084,1010000000.0,15312000000.0,0.065961,mcap=2023-03-31;bs=2023-03-31
Infosys,INFY.NS,FY2023-24,6201853250907.78,29.455869,1002000000.0,16523000000.0,0.060643,mcap=2024-03-28;bs=2024-03-31
JSW Steel,JSWSTEEL.NS,FY2022-23,1654437593213.79,28.134482,1066050000000.0,2110780000000.0,0.50505,mcap=2023-03-31;bs=2023-03-31
JSW Steel,JSWSTEEL.NS,FY2023-24,2022784254976.26,28.335496,1056090000000.0,2281980000000.0,0.462795,mcap=2024-03-28;bs=2024-03-31
Jindal Steel,JINDALSTEL.NS,FY2022-23,557172131033.65,27.04614,130463100000.0,694418600000.0,0.187874,mcap=2023-03-31;bs=2023-03-31
Jindal Steel,JINDALSTEL.NS,FY2023-24,851211480453.83,27.469926,164721400000.0,787151800000.0,0.209263,mcap=2024-03-28;bs=2024-03-31
Kotak Mahindra Bank,KOTAKBANK.NS,FY2022-23,3442404645868.57,28.867191,523339234000.0,6204297348000.0,0.084351,mcap=2023-03-31;bs=2023-03-31
Kotak Mahindra Bank,KOTAKBANK.NS,FY2023-24,3549432824045.53,28.897809,751056062000.0,7676669590000.0,0.097836,mcap=2024-03-28;bs=2024-03-31
LIC,LICI.NS,FY2022-23,3379762367110.46,28.848827,,45784913600000.0,0.00431,mcap=2023-03-31;bs=2023-03-31+debt_current_proxy
LIC,LICI.NS,FY2023-24,5794646798190.04,29.387956,,53160474200000.0,0.00431,mcap=2024-03-28;bs=2024-03-31+debt_current_proxy
LTIMindtree,540005.BO,FY2022-23,1407448378518.0,27.9728,15412000000.0,234961000000.0,0.065594,mcap=2023-03-31;bs=2023-03-31
LTIMindtree,540005.BO,FY2023-24,1461145161717.96,28.010242,20706000000.0,275630000000.0,0.075122,mcap=2024-03-28;bs=2024-03-31
LTTS,LTTS.NS,FY2022-23,356802393310.75,26.600448,4542000000.0,81976000000.0,0.055406,mcap=2023-03-31;bs=2023-03-31
LTTS,LTTS.NS,FY2023-24,579811291513.78,27.085969,6588000000.0,84885000000.0,0.077611,mcap=2024-03-28;bs=2024-03-31
Larsen & Toubro,LT.NS,FY2022-23,3041744486970.94,28.743452,1206504400000.0,3303523100000.0,0.365217,mcap=2023-03-31;bs=2023-03-31
Larsen & Toubro,LT.NS,FY2023-24,5174115080809.12,29.274689,1163222200000.0,3401359700000.0,0.341987,mcap=2024-03-28;bs=2024-03-31
Lupin,LUPIN.NS,FY2022-23,295009908721.94,26.410275,45415200000.0,229559300000.0,0.197836,mcap=2023-03-31;bs=2023-03-31
Lupin,LUPIN.NS,FY2023-24,736741680704.35,27.325503,29217700000.0,239971800000.0,0.121755,mcap=2024-03-28;bs=2024-03-31
Mahindra & Mahindra,M&M.NS,FY2022-23,1440876795760.52,27.996273,922468500000.0,2058917700000.0,0.448036,mcap=2023-03-31;bs=2023-03-31
Mahindra & Mahindra,M&M.NS,FY2023-24,2141874402315.99,28.392702,1066255200000.0,2363007300000.0,0.451228,mcap=2024-03-28;bs=2024-03-31
Marico,MARICO.NS,FY2022-23,619842857189.81,27.152732,6080000000.0,69460000000.0,0.087532,mcap=2023-03-31;bs=2023-03-31
Marico,MARICO.NS,FY2023-24,642735993096.57,27.189,5280000000.0,74210000000.0,0.071149,mcap=2024-03-28;bs=2024-03-31
Maruti Suzuki,MARUTI.NS,FY2022-23,2504893287529.02,28.549267,12476000000.0,1003854000000.0,0.012428,mcap=2023-03-31;bs=2023-03-31
Maruti Suzuki,MARUTI.NS,FY2023-24,3961582350487.39,29.007665,1186000000.0,1153508000000.0,0.001028,mcap=2024-03-28;bs=2024-03-31
Mphasis,MPHASIS.NS,FY2022-23,338314851927.25,26.547243,10527660000.0,116094590000.0,0.090682,mcap=2023-03-31;bs=2023-03-31
Mphasis,MPHASIS.NS,FY2023-24,451282897077.17,26.83536,23885850000.0,141302380000.0,0.169041,mcap=2024-03-28;bs=2024-03-31
Muthoot Finance,MUTHOOTFIN.NS,FY2022-23,393399198868.94,26.698091,555061320000.0,801489200000.0,0.692537,mcap=2023-03-31;bs=2023-03-31
Muthoot Finance,MUTHOOTFIN.NS,FY2023-24,594343918631.58,27.110724,677418380000.0,964699400000.0,0.702207,mcap=2024-03-28;bs=2024-03-31
NALCO,NATIONALUM.NS,FY2022-23,143991934903.28,25.693023,1046100000.0,176266100000.0,0.005935,mcap=2023-03-31;bs=2023-03-31
NALCO,NATIONALUM.NS,FY2023-24,280178184711.81,26.358692,963800000.0,192350300000.0,0.005011,mcap=2024-03-28;bs=2024-03-31
NMDC,NMDC.NS,FY2022-23,326909091511.0,26.512948,21278700000.0,299529200000.0,0.07104,mcap=2023-03-31;bs=2023-03-31
NMDC,NMDC.NS,FY2023-24,591249730237.5,27.105504,33587800000.0,356610300000.0,0.094186,mcap=2024-03-28;bs=2024-03-31
NTPC,NTPC.NS,FY2022-23,1697886299247.15,28.160405,2229131600000.0,4479132500000.0,0.49767,mcap=2023-03-31;bs=2023-03-31
NTPC,NTPC.NS,FY2023-24,3256140369429.69,28.811564,2371309800000.0,4801965700000.0,0.493821,mcap=2024-03-28;bs=2024-03-31
Nestle India,NESTLEIND.NS,FY2022-23,1890326504357.01,28.267771,2705200000.0,89787400000.0,0.030129,mcap=2022-12-30;bs=2022-12-31
Nestle India,NESTLEIND.NS,FY2023-24,2947621322752.0,28.71202,4445599744,,0.08621,mcap=current_proxy;bs=current_proxy+debt_current_proxy
ONGC,ONGC.NS,FY2022-23,1900251212458.27,28.273007,1767440370000.0,6427737320000.0,0.274971,mcap=2023-03-31;bs=2023-03-31
ONGC,ONGC.NS,FY2023-24,3372143687600.44,28.84657,1911952270000.0,7419979230000.0,0.257676,mcap=2024-03-28;bs=2024-03-31
Oracle Financial,OFSS.NS,FY2022-23,281978792961.25,26.365098,694020000.0,92755400000.0,0.007482,mcap=2023-03-31;bs=2023-03-31
Oracle Financial,OFSS.NS,FY2023-24,760465743053.48,27.357197,430000000.0,99357000000.0,0.004328,mcap=2024-03-28;bs=2024-03-31
PNB,PNB.NS,FY2022-23,513113308201.32,26.963763,701486200000.0,14936489400000.0,0.046965,mcap=2023-03-31;bs=2023-03-31
PNB,PNB.NS,FY2023-24,1369770352216.68,27.945664,725856200000.0,15986359600000.0,0.045405,mcap=2024-03-28;bs=2024-03-31
Paytm,PAYTM.NS,FY2022-23,403596328848.93,26.723681,2233000000.0,179658000000.0,0.012429,mcap=2023-03-31;bs=2023-03-31
Paytm,PAYTM.NS,FY2023-24,255849351820.19,26.267855,1766000000.0,186928000000.0,0.009447,mcap=2024-03-28;bs=2024-03-31
Persistent Systems,PERSISTENT.NS,FY2022-23,344997806244.0,26.566804,6575540000.0,66730800000.0,0.098538,mcap=2023-03-31;bs=2023-03-31
Persistent Systems,PERSISTENT.NS,FY2023-24,606960380700.01,27.131729,4511290000.0,74176340000.0,0.060818,mcap=2024-03-28;bs=2024-03-31
Pidilite,PIDILITIND.NS,FY2022-23,1196063406720.0,27.810057,3906100000.0,105250200000.0,0.037113,mcap=2023-03-31;bs=2023-03-31
Pidilite,PIDILITIND.NS,FY2023-24,1533304552463.56,28.058446,3824700000.0,121039500000.0,0.031599,mcap=2024-03-28;bs=2024-03-31
PolicyBazaar,POLICYBZR.NS,FY2022-23,285185235915.58,26.376405,2265900000.0,62540300000.0,0.036231,mcap=2023-03-31;bs=2023-03-31
PolicyBazaar,POLICYBZR.NS,FY2023-24,504296060095.5,26.946429,2533300000.0,67285100000.0,0.03765,mcap=2024-03-28;bs=2024-03-31
Power Grid,POWERGRID.NS,FY2022-23,1574359654525.57,28.08487,1285838100000.0,2522730600000.0,0.509701,mcap=2023-03-31;bs=2023-03-31
Power Grid,POWERGRID.NS,FY2023-24,2575337140714.72,28.577002,1270037100000.0,2508905200000.0,0.506212,mcap=2024-03-28;bs=2024-03-31
Reliance Industries,RELIANCE.NS,FY2022-23,14557646070063.71,30.309137,3343920000000.0,16074310000000.0,0.208029,mcap=2023-03-31;bs=2023-03-31
Reliance Industries,RELIANCE.NS,FY2023-24,20106845826527.38,30.632081,3461420000000.0,17559860000000.0,0.197121,mcap=2024-03-28;bs=2024-03-31
SAIL,SAIL.NS,FY2022-23,341594428794.94,26.55689,307734300000.0,1304810900000.0,0.235846,mcap=2023-03-31;bs=2023-03-31
SAIL,SAIL.NS,FY2023-24,554523020048.25,27.041374,363226500000.0,1407085800000.0,0.258141,mcap=2024-03-28;bs=2024-03-31
SBI,SBIN.NS,FY2022-23,4674265500432.5,29.173093,5220926306000.0,59544183170000.0,0.087682,mcap=2023-03-31;bs=2023-03-31
SBI,SBIN.NS,FY2023-24,6714431570658.87,29.53528,5565032351000.0,67337787997000.0,0.082644,mcap=2024-03-28;bs=2024-03-31
SBI Life,SBILIFE.NS,FY2022-23,1102085194698.99,27.728225,,3145991696000.0,0.0,mcap=2023-03-31;bs=2023-03-31+debt_current_proxy
SBI Life,SBILIFE.NS,FY2023-24,1502448563866.25,28.038117,,3982772500000.0,0.0,mcap=2024-03-28;bs=2024-03-31+debt_current_proxy
Shree Cement,SHREECEM.NS,FY2022-23,944844715650.52,27.574286,27246700000.0,263339400000.0,0.103466,mcap=2023-03-31;bs=2023-03-31
Shree Cement,SHREECEM.NS,FY2023-24,926656424677.76,27.554849,16555500000.0,279534700000.0,0.059225,mcap=2024-03-28;bs=2024-03-31
Shriram Finance,SHRIRAMFIN.NS,FY2022-23,471553720535.69,26.879299,1286886100000.0,2105726900000.0,0.611136,mcap=2023-03-31;bs=2023-03-31
Shriram Finance,SHRIRAMFIN.NS,FY2023-24,886795856982.4,27.510881,1517661000000.0,2482663100000.0,0.611304,mcap=2024-03-28;bs=2024-03-31
Siemens India,SIEMENS.NS,FY2022-23,579214683960.69,27.084939,1821000000.0,201090000000.0,0.009056,mcap=2022-09-30;bs=2022-09-30
Siemens India,SIEMENS.NS,FY2023-24,767708239414.95,27.366676,1752000000.0,217696000000.0,0.008048,mcap=2023-09-29;bs=2023-09-30
Sun Pharma,SUNPHARMA.NS,FY2022-23,2358786150429.49,28.489168,68858700000.0,807435900000.0,0.085281,mcap=2023-03-31;bs=2023-03-31
Sun Pharma,SUNPHARMA.NS,FY2023-24,3888242402788.53,28.988978,32736700000.0,854996500000.0,0.038289,mcap=2024-03-28;bs=2024-03-31
TCS,TCS.NS,FY2022-23,11730552439371.46,30.093218,76880000000.0,1436510000000.0,0.053519,mcap=2023-03-31;bs=2023-03-31
TCS,TCS.NS,FY2023-24,14024792822687.83,30.271848,80210000000.0,1464490000000.0,0.05477,mcap=2024-03-28;bs=2024-03-31
TVS Motor,TVSMOTOR.NS,FY2022-23,511763816003.19,26.961129,223755800000.0,352329100000.0,0.635076,mcap=2023-03-31;bs=2023-03-31
TVS Motor,TVSMOTOR.NS,FY2023-24,1022316252656.13,27.653092,260057000000.0,422204600000.0,0.61595,mcap=2024-03-28;bs=2024-03-31
Tata Consumer,TATACONSUM.NS,FY2022-23,666715877037.96,27.22563,16000400000.0,228111300000.0,0.070143,mcap=2023-03-31;bs=2023-03-31
Tata Consumer,TATACONSUM.NS,FY2023-24,1057481319341.52,27.686911,34772200000.0,280209400000.0,0.124094,mcap=2024-03-28;bs=2024-03-31
Tata Motors,TMPV.NS,FY2022-23,1611599663845.74,28.108248,1366134500000.0,3360813800000.0,0.406489,mcap=2023-03-31;bs=2023-03-31
Tata Motors,TMPV.NS,FY2023-24,3804649708561.3,28.967245,1098120000000.0,3706640000000.0,0.296258,mcap=2024-03-28;bs=2024-03-31
Tata Power,TATAPOWER.NS,FY2022-23,608227698891.75,27.133815,529230900000.0,1283490400000.0,0.412337,mcap=2023-03-31;bs=2023-03-31
Tata Power,TATAPOWER.NS,FY2023-24,1259602888433.01,27.861818,590067600000.0,1395524200000.0,0.422829,mcap=2024-03-28;bs=2024-03-31
Tata Steel,TATASTEEL.NS,FY2022-23,1275929645815.0,27.874696,848930500000.0,2880217400000.0,0.294745,mcap=2023-03-31;bs=2023-03-31
Tata Steel,TATASTEEL.NS,FY2023-24,1943737526296.47,28.295634,870821200000.0,2734235000000.0,0.318488,mcap=2024-03-28;bs=2024-03-31
Tech Mahindra,TECHM.NS,FY2022-23,969530846032.88,27.600078,27402000000.0,461533000000.0,0.059372,mcap=2023-03-31;bs=2023-03-31
Tech Mahindra,TECHM.NS,FY2023-24,1101476802455.43,27.727673,25367000000.0,434236000000.0,0.058418,mcap=2024-03-28;bs=2024-03-31
Titan,TITAN.NS,FY2022-23,2238260913085.94,28.43672,93670000000.0,270230000000.0,0.346631,mcap=2023-03-31;bs=2023-03-31
Titan,TITAN.NS,FY2023-24,3372430682121.55,28.846655,155280000000.0,315500000000.0,0.492171,mcap=2024-03-28;bs=2024-03-31
Torrent Pharma,TORNTPHARM.NS,FY2022-23,520241416358.83,26.977559,53685600000.0,150118500000.0,0.357621,mcap=2023-03-31;bs=2023-03-31
Torrent Pharma,TORNTPHARM.NS,FY2023-24,880161244315.31,27.503371,40219400000.0,150605800000.0,0.267051,mcap=2024-03-28;bs=2024-03-31
UltraTech Cement,ULTRACEMCO.NS,FY2022-23,2197205550915.14,28.418207,110577400000.0,913869600000.0,0.120999,mcap=2023-03-31;bs=2023-03-31
UltraTech Cement,ULTRACEMCO.NS,FY2023-24,2809639131080.83,28.664077,114029500000.0,1008020100000.0,0.113122,mcap=2024-03-28;bs=2024-03-31
Vedanta Limited,VEDL.NS,FY2022-23,1019086128746.87,27.649927,666180000000.0,1953770000000.0,0.340972,mcap=2023-03-31;bs=2023-03-31
Vedanta Limited,VEDL.NS,FY2023-24,1007642145439.29,27.638634,727700000000.0,1908070000000.0,0.38138,mcap=2024-03-28;bs=2024-03-31
Vodafone Idea,IDEA.NS,FY2022-23,282342206673.91,26.366386,2377660000000.0,2072427000000.0,1.147283,mcap=2023-03-31;bs=2023-03-31
Vodafone Idea,IDEA.NS,FY2023-24,664087619968.75,27.22168,2438090000000.0,1849977000000.0,1.317903,mcap=2024-03-28;bs=2024-03-31
Wipro,WIPRO.NS,FY2022-23,2000847500801.25,28.324592,174666000000.0,1175822000000.0,0.148548,mcap=2023-03-31;bs=2023-03-31
Wipro,WIPRO.NS,FY2023-24,2505730993285.98,28.549602,164649000000.0,1152459000000.0,0.142868,mcap=2024-03-28;bs=2024-03-31
