company,year,LPS_finbert,OPS,zLPS,zOPS,GDS
ABB India,FY2022-23,0.042811,0.783182,0.144983,1.234276,-1.089293
ABB India,FY2023-24,0.045177,0.690851,0.090058,1.122017,-1.031959
ACC,FY2022-23,0.021929,-1.136838,-0.553504,-1.948837,1.395333
ACC,FY2023-24,0.025669,-0.717842,-0.535897,-1.342615,0.806718
Adani Enterprises,FY2022-23,0.038251,-0.305997,-0.007542,-0.571424,0.563882
Adani Enterprises,FY2023-24,0.071994,-0.347954,0.950567,-0.695464,1.646032
Adani Green,FY2022-23,0.016154,0.862798,-0.746673,1.366267,-2.112939
Adani Green,FY2023-24,0.02991,0.508874,-0.39982,0.803632,-1.203452
Adani Ports,FY2022-23,0.030888,-0.150782,-0.253849,-0.314101,0.060252
Adani Ports,FY2023-24,0.013837,-0.272368,-0.915547,-0.563219,-0.352328
Alkem Labs,FY2022-23,0.014277,0.115786,-0.809471,0.12783,-0.937302
Alkem Labs,FY2023-24,0.035291,0.00363,-0.227147,-0.080336,-0.146811
Ambuja Cements,FY2022-23,0.014616,-1.174609,-0.79813,-2.011457,1.213327
Ambuja Cements,FY2023-24,0.017383,-0.572915,-0.80176,-1.089052,0.287292
Angel One,FY2022-23,0.030407,0.594633,-0.269934,0.921688,-1.191622
Angel One,FY2023-24,0.093128,0.30355,1.628716,0.4444,1.184316
Apollo Hospitals,FY2022-23,0.035894,-0.108088,-0.086372,-0.24332,0.156948
Apollo Hospitals,FY2023-24,0.066623,-0.413707,0.77823,-0.810504,1.588734
Ashok Leyland,FY2022-23,0.035082,-0.078244,-0.113544,-0.193843,0.080299
Ashok Leyland,FY2023-24,0.056878,-0.077119,0.465517,-0.221614,0.687131
Asian Paints,FY2022-23,0.005295,0.754188,-1.109904,1.186207,-2.296111
Asian Paints,FY2023-24,0.010792,0.264702,-1.013261,0.376431,-1.389692
Aurobindo Pharma,FY2022-23,0.056208,-0.267705,0.593093,-0.507942,1.101035
Aurobindo Pharma,FY2023-24,0.032081,-0.171298,-0.330148,-0.386389,0.05624
Axis Bank,FY2022-23,0.024722,0.141156,-0.460097,0.16989,-0.629987
Axis Bank,FY2023-24,0.03025,0.283805,-0.388902,0.409855,-0.798756
BPCL,FY2022-23,0.104256,-1.352844,2.200263,-2.306944,4.507206
BPCL,FY2023-24,0.098092,-1.414426,1.787993,-2.561349,4.349341
BSE Ltd,FY2022-23,-0.012711,0.571737,-1.712203,0.883731,-2.595934
BSE Ltd,FY2023-24,-0.003226,0.554854,-1.463082,0.884078,-2.34716
Bajaj Auto,FY2022-23,0.023411,0.372812,-0.503942,0.553943,-1.057884
Bajaj Auto,FY2023-24,0.015885,0.135191,-0.849841,0.149841,-0.999681
Bajaj Finance,FY2022-23,0.015141,0.278842,-0.780577,0.398154,-1.17873
Bajaj Finance,FY2023-24,0.030027,0.285611,-0.396061,0.413014,-0.809074
Bajaj Finserv,FY2022-23,0.027298,0.076985,-0.373909,0.063504,-0.437413
Bajaj Finserv,FY2023-24,0.017896,0.306846,-0.785311,0.450166,-1.235476
Bank of Baroda,FY2022-23,0.029741,-0.887746,-0.292186,-1.535879,1.243693
Bank of Baroda,FY2023-24,0.041756,-0.065104,-0.019697,-0.200592,0.180895
Bharti Airtel,FY2022-23,0.061038,-0.085966,0.754653,-0.206645,0.961298
Bharti Airtel,FY2023-24,0.027091,0.058678,-0.49026,0.015976,-0.506235
Biocon,FY2022-23,0.079846,-0.168102,1.383791,-0.342815,1.726606
Biocon,FY2023-24,0.075212,-0.048604,1.053822,-0.171724,1.225546
Bosch India,FY2022-23,0.069705,0.657926,1.044559,1.026619,0.01794
Bosch India,FY2023-24,0.052401,0.440194,0.321886,0.68347,-0.361584
Britannia,FY2022-23,0.043867,0.134471,0.180294,0.158807,0.021487
Britannia,FY2023-24,0.015742,0.03501,-0.854424,-0.025435,-0.828989
CDSL,FY2022-23,0.050595,0.571737,0.405352,0.883731,-0.478379
CDSL,FY2023-24,0.018308,0.554854,-0.772078,0.884078,-1.656156
Cholamandalam,FY2022-23,0.00664,0.585086,-1.064917,0.905861,-1.970778
Cholamandalam,FY2023-24,0.017832,0.074333,-0.787375,0.043365,-0.83074
Cipla,FY2022-23,0.004485,0.142908,-1.136984,0.172794,-1.309779
Cipla,FY2023-24,-0.007861,-0.025299,-1.611809,-0.130951,-1.480859
Coal India,FY2022-23,0.066703,-0.844673,0.944155,-1.46447,2.408625
Coal India,FY2023-24,0.056311,-0.900036,0.447341,-1.661379,2.10872
Coforge,FY2022-23,0.028662,0.356363,-0.328302,0.526671,-0.854974
Coforge,FY2023-24,0.05772,0.942725,0.492544,1.562692,-1.070147
Colgate India,FY2022-23,0.017354,0.120846,-0.706552,0.136219,-0.842771
Colgate India,FY2023-24,0.020423,0.094898,-0.704211,0.079345,-0.783556
Cummins India,FY2022-23,0.027958,0.608711,-0.351833,0.945028,-1.296861
Cummins India,FY2023-24,0.014448,1.013114,-0.895943,1.685845,-2.581788
Dabur,FY2022-23,0.143575,0.376752,3.515477,0.560474,2.955003
Dabur,FY2023-24,0.106619,0.240246,2.061592,0.333643,1.727949
Divi's Labs,FY2022-23,0.007653,-0.376872,-1.031039,-0.688925,-0.342114
Divi's Labs,FY2023-24,0.043166,-0.375331,0.025531,-0.743361,0.768892
Dr Reddy's,FY2022-23,0.045901,0.118969,0.248327,0.133107,0.11522
Dr Reddy's,FY2023-24,0.035661,0.592194,-0.215272,0.949407,-1.16468
Eicher Motors,FY2022-23,0.011879,0.119133,-0.889675,0.133379,-1.023054
Eicher Motors,FY2023-24,0.06636,0.065017,0.769786,0.027066,0.74272
Emami,FY2022-23,0.04965,0.646486,0.373737,1.007653,-0.633916
Emami,FY2023-24,0.07001,0.656084,0.886894,1.061189,-0.174294
Escorts Kubota,FY2022-23,0.015789,0.188999,-0.758874,0.249207,-1.008081
Escorts Kubota,FY2023-24,0.027814,0.454044,-0.467059,0.707702,-1.174761
Federal Bank,FY2022-23,0.006188,0.332617,-1.080038,0.487304,-1.567342
Federal Bank,FY2023-24,0.043161,0.286753,0.025389,0.415012,-0.389623
Godrej Consumer,FY2023-24,0.038026,0.14511,-0.13939,0.167195,-0.306585
Grasim Industries,FY2022-23,0.064144,-0.495944,0.858567,-0.886329,1.744896
Grasim Industries,FY2023-24,0.056382,-0.397814,0.449625,-0.782698,1.232323
HCL Technologies,FY2022-23,0.054771,0.649672,0.545046,1.012935,-0.46789
HCL Technologies,FY2023-24,-0.008302,0.511779,-1.625946,0.808715,-2.434661
HDFC Bank,FY2022-23,0.019938,-0.09573,-0.620117,-0.222833,-0.397285
HDFC Bank,FY2023-24,0.049939,-0.119132,0.24286,-0.295119,0.537979
HDFC Life,FY2022-23,0.015097,0.160458,-0.78203,0.20189,-0.983921
HDFC Life,FY2023-24,0.031674,0.135858,-0.343211,0.151008,-0.494219
Havells,FY2022-23,0.062288,0.079464,0.796481,0.067613,0.728868
Havells,FY2023-24,0.068982,-0.042783,0.853936,-0.16154,1.015476
Hero MotoCorp,FY2022-23,0.045709,0.008698,0.241926,-0.049705,0.291631
Hero MotoCorp,FY2023-24,0.020627,-0.068239,-0.697664,-0.206077,-0.491587
Hindalco Industries,FY2022-23,0.017868,-0.699905,-0.689333,-1.224466,0.535133
Hindalco Industries,FY2023-24,0.012716,-0.530979,-0.951519,-1.015682,0.064163
Hindustan Unilever,FY2022-23,0.124267,0.662719,2.869635,1.034565,1.835069
Hindustan Unilever,FY2023-24,0.127398,0.584292,2.72836,0.935582,1.792778
ICICI Bank,FY2022-23,0.010867,0.051709,-0.923522,0.021599,-0.945122
ICICI Bank,FY2023-24,0.000496,0.183413,-1.343638,0.23421,-1.577847
ICICI Lombard,FY2023-24,0.095544,0.823728,1.706249,1.354497,0.351752
IDFC First Bank,FY2022-23,0.012847,0.186999,-0.857292,0.24589,-1.103183
IDFC First Bank,FY2023-24,-0.012486,0.147618,-1.760191,0.171583,-1.931774
ITC,FY2022-23,0.073715,-0.004624,1.178712,-0.071792,1.250504
ITC,FY2023-24,0.067303,-0.007227,0.800052,-0.099332,0.899384
Indian Oil Corporation,FY2022-23,0.020979,-1.552004,-0.585283,-2.637122,2.051839
Indian Oil Corporation,FY2023-24,0.016474,-1.629927,-0.830941,-2.938387,2.107446
Indus Towers,FY2022-23,0.071533,-0.652653,1.105705,-1.14613,2.251835
Indus Towers,FY2023-24,0.115795,-0.670622,2.356042,-1.259999,3.616042
IndusInd Bank,FY2022-23,0.033086,0.162908,-0.180304,0.205951,-0.386255
IndusInd Bank,FY2023-24,0.003907,0.21122,-1.234173,0.282861,-1.517034
Infosys,FY2022-23,0.036281,0.637559,-0.073452,0.992853,-1.066305
Infosys,FY2023-24,0.015052,0.587595,-0.876574,0.941362,-1.817936
JSW Steel,FY2022-23,0.038995,-1.285844,0.01734,-2.195868,2.213208
JSW Steel,FY2023-24,0.050554,-1.024183,0.262607,-1.878585,2.141192
Jindal Steel,FY2022-23,0.03724,-0.236874,-0.041369,-0.456829,0.41546
Jindal Steel,FY2023-24,0.107735,-0.295372,2.097408,-0.603467,2.700875
Kotak Mahindra Bank,FY2022-23,0.027575,0.153181,-0.364668,0.189826,-0.554494
Kotak Mahindra Bank,FY2023-24,0.019337,0.333897,-0.73907,0.497494,-1.236564
LIC,FY2022-23,0.017537,0.949703,-0.700419,1.510343,-2.210762
LIC,FY2023-24,0.02049,0.984638,-0.702078,1.636024,-2.338102
LTIMindtree,FY2022-23,0.085826,0.582579,1.583812,0.901705,0.682107
LTIMindtree,FY2023-24,0.126042,0.639116,2.684833,1.031502,1.653331
LTTS,FY2022-23,0.037629,0.354217,-0.028355,0.523114,-0.55147
LTTS,FY2023-24,0.042226,0.355348,-0.004613,0.535026,-0.539639
Larsen & Toubro,FY2022-23,0.053021,-0.389557,0.486484,-0.709955,1.196439
Larsen & Toubro,FY2023-24,0.036642,-0.405596,-0.183787,-0.796313,0.612526
Lupin,FY2022-23,0.104413,-0.017797,2.205536,-0.093631,2.299167
Lupin,FY2023-24,0.065854,-0.091208,0.753565,-0.246264,0.999829
Mahindra & Mahindra,FY2022-23,0.03404,0.027137,-0.148407,-0.019136,-0.129271
Mahindra & Mahindra,FY2023-24,0.043051,0.000182,0.021867,-0.08637,0.108236
Marico,FY2022-23,0.04372,0.767015,0.175397,1.207473,-1.032076
Marico,FY2023-24,0.040737,0.520541,-0.052394,0.824045,-0.876439
Maruti Suzuki,FY2022-23,-0.022473,-0.284716,-2.038723,-0.536143,-1.50258
Maruti Suzuki,FY2023-24,0.02799,-0.292336,-0.461434,-0.598155,0.136721
Mphasis,FY2022-23,0.029103,0.502167,-0.313535,0.768393,-1.081928
Mphasis,FY2023-24,0.053688,0.485133,0.363164,0.762095,-0.39893
Muthoot Finance,FY2022-23,0.053487,0.410784,0.502075,0.616893,-0.114819
Muthoot Finance,FY2023-24,0.057735,0.467121,0.493045,0.730582,-0.237537
NALCO,FY2022-23,0.001834,-0.140692,-1.225674,-0.297373,-0.928301
NALCO,FY2023-24,0.006432,-0.256508,-1.153155,-0.53547,-0.617685
NMDC,FY2022-23,0.017757,-0.088481,-0.693064,-0.210814,-0.48225
NMDC,FY2023-24,0.013427,-0.15416,-0.928701,-0.356404,-0.572297
NTPC,FY2022-23,0.029997,0.258941,-0.283629,0.36516,-0.648789
NTPC,FY2023-24,0.01348,-0.323951,-0.927015,-0.653469,-0.273546
Nestle India,FY2023-24,0.065502,0.259405,0.742242,0.367164,0.375078
ONGC,FY2022-23,0.031791,-0.737694,-0.223626,-1.287114,1.063488
ONGC,FY2023-24,0.044035,-0.856864,0.053414,-1.585845,1.639259
Oracle Financial,FY2023-24,0.016816,0.440548,-0.819957,0.684089,-1.504047
PNB,FY2022-23,0.034408,0.26107,-0.136084,0.36869,-0.504774
PNB,FY2023-24,0.013581,0.287807,-0.923773,0.416857,-1.34063
Paytm,FY2022-23,-0.006566,0.738509,-1.506633,1.160213,-2.666846
Paytm,FY2023-24,0.030348,0.792163,-0.385766,1.299271,-1.685037
Persistent Systems,FY2022-23,0.052974,0.927647,0.484939,1.473777,-0.988838
Persistent Systems,FY2023-24,0.055263,0.975901,0.413707,1.620737,-1.20703
Pidilite,FY2022-23,0.012636,0.439829,-0.864369,0.665046,-1.529415
Pidilite,FY2023-24,-0.001815,0.233356,-1.417779,0.321589,-1.739368
PolicyBazaar,FY2022-23,0.027562,0.930106,-0.365093,1.477853,-1.842946
PolicyBazaar,FY2023-24,0.028896,0.79591,-0.432336,1.305826,-1.738162
Power Grid,FY2022-23,0.07322,0.010646,1.162139,-0.046477,1.208617
Power Grid,FY2023-24,0.040517,0.054605,-0.059443,0.008849,-0.068291
Reliance Industries,FY2022-23,0.070914,-0.72059,1.085002,-1.258759,2.343761
Reliance Industries,FY2023-24,0.056413,-0.538175,0.450609,-1.028271,1.47888
SAIL,FY2022-23,0.024822,-1.214862,-0.45674,-2.07819,1.621451
SAIL,FY2023-24,0.028136,-1.32227,-0.456739,-2.400114,1.943375
SBI,FY2023-24,0.003987,-0.286468,-1.231616,-0.587889,-0.643727
SBI Life,FY2022-23,0.08137,0.91373,1.434755,1.450705,-0.01595
SBI Life,FY2023-24,0.102356,0.447856,1.924807,0.696876,1.227931
Shree Cement,FY2022-23,0.027532,-0.69619,-0.366097,-1.218308,0.852211
Shree Cement,FY2023-24,0.026774,-0.635406,-0.500446,-1.198386,0.69794
Shriram Finance,FY2022-23,0.040709,0.34677,0.074665,0.510768,-0.436104
Shriram Finance,FY2023-24,0.036561,0.378352,-0.186397,0.575273,-0.76167
Siemens India,FY2022-23,0.01879,0.546545,-0.658522,0.841966,-1.500489
Siemens India,FY2023-24,0.039977,0.528436,-0.076776,0.837858,-0.914633
Sun Pharma,FY2022-23,0.04233,0.173909,0.128905,0.224189,-0.095284
Sun Pharma,FY2023-24,0.063359,0.075873,0.673486,0.046059,0.627426
TCS,FY2022-23,0.036133,0.340713,-0.078406,0.500726,-0.579132
TCS,FY2023-24,0.024428,0.432018,-0.575707,0.669166,-1.244873
TVS Motor,FY2022-23,0.000941,0.11651,-1.255551,0.12903,-1.38458
TVS Motor,FY2023-24,0.038701,0.821461,-0.11774,1.350531,-1.46827
Tata Consumer,FY2022-23,0.08086,0.56837,1.417691,0.878149,0.539542
Tata Consumer,FY2023-24,0.11032,0.052926,2.180379,0.00591,2.174468
Tata Power,FY2022-23,0.021684,-0.074433,-0.561719,-0.187525,-0.374194
Tata Power,FY2023-24,0.027195,-0.685094,-0.486916,-1.285319,0.798403
Tata Steel,FY2022-23,0.127808,-0.634584,2.98807,-1.116173,4.104244
Tata Steel,FY2023-24,0.113548,-0.545258,2.283929,-1.040664,3.324593
Tech Mahindra,FY2022-23,0.025165,0.237668,-0.44526,0.329893,-0.775153
Tech Mahindra,FY2023-24,0.058265,0.593552,0.510044,0.951784,-0.44174
Titan,FY2022-23,0.005813,0.194727,-1.092579,0.258702,-1.351282
Titan,FY2023-24,0.012929,0.378497,-0.944706,0.575527,-1.520233
Torrent Pharma,FY2022-23,0.073234,-0.021165,1.162625,-0.099214,1.261839
Torrent Pharma,FY2023-24,0.063635,0.254297,0.682344,0.358227,0.324117
UltraTech Cement,FY2022-23,0.022617,-1.032237,-0.5305,-1.775424,1.244924
UltraTech Cement,FY2023-24,0.033985,-0.843874,-0.269057,-1.563118,1.294061
Vedanta Limited,FY2022-23,0.059292,-2.004628,0.696258,-3.387505,4.083764
Vedanta Limited,FY2023-24,0.072448,-2.036864,0.965133,-3.650358,4.615491
Vodafone Idea,FY2022-23,0.022961,0.140243,-0.518982,0.168377,-0.687359
Vodafone Idea,FY2023-24,0.038916,-0.107879,-0.11084,-0.275431,0.164591
Wipro,FY2022-23,0.063558,0.649581,0.838941,1.012784,-0.173843
Wipro,FY2023-24,0.054737,0.709769,0.396818,1.155115,-0.758297
