company_ops,year,scope1,scope12,energy,renew_energy,renew_pct,women_dir,women_emp,controversies,company,_z_scope1,_z_scope12,_z_energy,_z_renew_energy,_z_renew_pct,_z_women_dir,_z_women_emp,_z_controversies,ops_n_fields,OPS,LPS_finbert,LPS_climatebert,LPS_lm,solid,zLPS,zOPS,GDS
Reliance Industries,FY2022-23,480000.0,3870000,506.18,6.73,0.0133,0.07,,0,Reliance Industries,0.2808459240408884,0.10315084255990578,-2.0526790654666964,-0.18656417525148813,-0.7196870974820596,-1.497536944151169,,0.20412414523193148,7,-0.5526209100740982,0.0709138069232212,-0.0718636723043762,-0.2943469785575048,True,1.2255353337977388,-0.970975925541524,2.196511259339263
TCS,FY2022-23,20972.0,138237,1317.6,727.3152,0.552,0.11,,0,Tata Consultancy Services,0.31988892886021997,0.3644936875698495,-5.97749837179878,5.661548017810176,1.506337848281622,-1.053822294032304,,0.20412414523193148,7,0.14643885170324505,0.0361326328652389,-0.0450029233944112,-0.2260869565217391,True,0.1333475928058038,0.2287786782742498,-0.095431085468446
Infosys,FY2022-23,8593.0,70945,650.476,359.644,0.553,0.11,0.39,0,Infosys,0.3209418349066017,0.3692062812491398,-2.7506353971155275,2.677608814288353,1.510470064627944,-1.053822294032304,2.414988054424171,0.20412414523193148,8,0.4616101879475387,0.0362807445328783,-0.1167959886024127,-0.0313152400835073,True,0.13799854988459453,0.7696884578451384,-0.6316899079605438
HDFC Bank,FY2022-23,29829.0,385265,1.98,0.009,0.005,0.17,0.195,0,HDFC Bank,0.3191355894262752,0.34719382144300376,0.38612438312051717,-0.24111034418413824,-0.7539844931565325,-0.3882503188540068,0.4963169685980458,0.20412414523193148,8,0.04619371895313701,0.0456170205958187,-0.0608930262504145,-0.2495446265938069,True,0.4311734221721429,0.05673393174030119,0.3744394904318417
Wipro,FY2022-23,9640.0,68760,731.952,439.1712,0.6,0.13,0.35,0,Wipro,0.3208527814587819,0.3693593011800268,-3.144732877831695,3.3230342102027484,1.7046842329050795,-0.8319649689728718,2.0214144983572733,0.20412414523193148,8,0.4958464153164093,0.030982678372632,-0.105472501449506,-0.1538461538461538,True,-0.02836969580886037,0.8284460543325312,-0.8568157501413916
ITC,FY2022-23,1355000.0,1596000,24.394,10.4894,0.43,0.21,,0,ITC Ltd,0.20642207796414536,0.26240362189037564,0.27770839641557116,-0.15605370545749844,1.0022074540303334,0.05546433126485785,,0.20412414523193148,7,0.26461090304853097,0.0863521556818374,0.0195590427007388,-0.1593406593406593,True,1.7103256179672557,0.43159032671385517,1.2787352912534005
HCL Technologies,FY2022-23,15878.0,173743,1.0175,,0.4,0.3,0.3,0,HCL Technologies,0.32032220322812277,0.36200713120093675,0.39077997280569216,,0.8782409636406723,1.0538222940323037,1.5294475532736516,0.20412414523193148,7,0.6769634662019016,0.0490290996335122,-0.1689130896499947,-0.2539454806312769,True,0.538318479726896,1.1392864538384835,-0.6009679741115875
ICICI Bank,FY2022-23,23815.0,149765,0.7867,0.0615,0.0782,0.22,,0,ICICI Bank,0.3196471151523386,0.3636863586164099,0.39189634693487485,-0.24068426564389658,-0.4515062566057594,0.16639299379457415,,0.20412414523193148,7,0.10765091964006758,0.0108670984310182,-0.1996194547126916,-0.4269870609981516,True,-0.6600329564724758,0.1622092623104788,-0.8222422187829547
Asian Paints,FY2022-23,30000.0,103394,0.3726,,0.622,0.33,,0,Asian Paints,0.31912104488035614,0.36693381271945885,0.3938993388191667,,1.7955929925241645,1.3866082816214527,,0.20412414523193148,6,0.7443799359660884,0.0052950596944852,-0.1341095120730725,-0.2707482993197279,True,-0.835004404826355,1.2549893227419178,-2.089993727568273
Larsen & Toubro,FY2022-23,291000.0,970000,10.7,1.0272,0.096,0.11,,0,Larsen & Toubro,0.2969214747934648,0.3062436570094935,0.3439459498169065,-0.2328468552379659,-0.37795280564122713,-1.053822294032304,,0.20412414523193148,7,-0.07334096115138582,0.0058239277079701,-0.1170891068130731,-0.1792452830188679,True,-0.8183970539655695,-0.14841631522345572,-0.6699807387421137
Mahindra & Mahindra,FY2022-23,58935.0,261241,2.4682,0.8392,0.34,0.15,,0,Mahindra & Mahindra,0.3166599546103784,0.35587947082896776,0.38376297129267056,-0.23437262220111696,0.63030798286135,-0.6101076439134394,,0.20412414523193148,7,0.14946489410153457,-0.0342902789783218,-0.1210659674328306,-0.4385964912280701,True,-2.078051046937373,0.2339720944844163,-2.3120231414217893
Hindustan Unilever,FY2022-23,20165.0,239815,3.7194,3.5334,0.95,0.25,,0,Hindustan Unilever,0.3199575689102588,0.3573799765677253,0.37771094655075804,-0.21250708309408733,3.150959954117793,0.4991789813837228,,0.20412414523193148,7,0.670972069952586,0.1242670679221982,0.0275735798818261,-0.1154471544715447,True,2.900918042497659,1.129003777554663,1.771914264942996
Bajaj Finance,FY2022-23,18616.0,36278,0.0003,,0.018,0.21,0.21,0,Bajaj Finance,0.3200893203817706,0.3716340807658721,0.39570014509427387,,-0.7002656806543461,0.05546433126485785,0.6439070521231322,0.20412414523193148,7,0.18437905631535598,0.0199140491631795,-0.175223711280609,-0.1881481481481481,True,-0.37594338932467297,0.2938931901399617,-0.6698365794646346
Bharti Airtel,FY2022-23,51133.0,1201206,5.6132,0.5641,0.1,0.27,0.111,0,Bharti Airtel,0.31732356014991064,0.2900518372654827,0.36855068084085224,-0.23660527375198318,-0.361423940255939,0.7210363064431554,-0.330187499142439,0.20412414523193148,8,0.12160872709762141,0.0582684114575386,-0.0624285752751997,-0.2885032537960954,True,0.8284485107770573,0.18616421533738192,0.6422842954396754
Kotak Mahindra Bank,FY2022-23,12214.0,92696,0.11,0.0126,0.1144,0.22,,0,Kotak Mahindra Bank,0.3206338477675801,0.3676830151087629,0.39516952879457135,-0.24108112736995024,-0.3019200248689017,0.16639299379457415,,0.20412414523193148,7,0.13014319692265258,0.0344510557086661,-0.0948967092648841,-0.2188679245283019,True,0.08054322361230938,0.20081141722706705,-0.12026819361475767
Axis Bank,FY2022-23,7436.0,208628,0.25,,0.05,0.2,,0,Axis Bank,0.3210402444950712,0.35956406470711816,0.39449235211309136,,-0.5680347575720409,-0.055464331264858155,,0.20412414523193148,6,0.10928695295171886,0.019122564012096,-0.1356703385134183,-0.2103174603174603,True,-0.40079736284924283,0.1650170887724956,-0.5658144516217385
IDFC First Bank,FY2022-23,,25112,0.1143,0.02286,0.2,0.17,,0,IDFC First Bank,,0.37241605813350803,0.3951487297964973,-0.24099785944951443,0.05179769437626478,-0.3882503188540068,,0.20412414523193148,6,0.06570640820578007,0.0128471068106591,-0.1549125115154311,-0.3396226415094339,True,-0.5978573417074305,0.09022239731034713,-0.6880797390177776
Federal Bank,FY2022-23,2775.0,27734,0.1878,0.0372,0.198,,,0,Federal Bank,0.321436689691144,0.3722324342164436,0.3947932120387203,-0.2408814791396656,0.0435332616836207,,,0.20412414523193148,6,0.18253971062036575,0.0061879261724046,-0.204663665008706,-0.4758909853249476,True,-0.8069668860266579,0.2907364307522341,-1.097703316778892
Bank of Baroda,FY2022-23,,95000,0.5,0.025,0.05,0.15,,1,Bank of Baroda,,0.36752166136928294,0.39328310803901995,-0.24098049167663602,-0.5680347575720409,-0.6101076439134394,,-4.898979485566355,6,-0.926216268220028,0.002289328681813,-0.1171979520427571,-0.391025641025641,True,-0.9293894465528704,-1.6121553717167496,0.6827659251638792
IndusInd Bank,FY2022-23,19074.0,72422,0.18,0.036,0.2,0.2,,0,IndusInd Bank,0.32005036481433846,0.3691028439777804,0.3948309404538313,-0.24089121807772823,0.05179769437626478,-0.055464331264858155,,0.20412414523193148,7,0.14907863421593714,0.0447483992736254,-0.1680922108658012,-0.3184931506849315,True,0.40389724230305074,0.23330917966460654,0.1705880626384442
Vedanta Limited,FY2022-23,57100000.0,65700000,559.0,,,0.13,0.14,1,Vedanta Ltd,-4.535014835805041,-4.22692802551527,-2.3081681534365033,,,-0.8319649689728718,-0.0448466709939382,-4.898979485566355,6,-2.8076503567149964,0.074969932436943,-0.0502897880207269,-0.3533333333333333,True,1.3529045409046179,-4.841148560666351,6.194053101570969
Hindalco Industries,FY2022-23,,29800000,312.89,0.91,0.0029,0.2,0.0792,0,Hindalco Industries,,-1.712779046639339,-1.1177399171576472,-0.23379802485541962,-0.7626621474838088,-0.055464331264858155,-0.6430784762156224,0.20412414523193148,7,-0.6173425426263949,0.0178684109023639,-0.1260041082810078,-0.1663865546218487,True,-0.44017989345309255,-1.0820538059557352,0.6418739125026427
UltraTech Cement,FY2022-23,62530455.0,64225491,288.58,1.245,0.0043,0.14,0.05,0,UltraTech Cement,-4.996906661001245,-4.123665203880357,-1.0001530233949436,-0.23107923797959196,-0.756877044598958,-0.7210363064431554,-0.9303871721444577,0.20412414523193148,8,-1.569497563026347,0.0147778715840295,-0.1545661575111903,-0.3034623217922607,True,-0.5372280595360237,-2.7161807171753716,2.178952657639348
Shree Cement,FY2022-23,18335000.0,18770000,87.73,5.664,0.0646,0.17,0.05,0,Shree Cement,-1.2378258150451071,-0.9403260316810794,-0.028646334285975412,-0.19521559856382334,-0.5077043989157392,-0.3882503188540068,-0.9303871721444577,0.20412414523193148,8,-0.5030289405322822,0.0060930939634209,-0.172199020486163,-0.0723192019950124,True,-0.809944777915256,-0.8858641839948319,0.07591940607957592
Grasim Industries,FY2022-23,4720000.0,6340000,63.64,3.54,0.0556,0.25,0.05,0,Grasim Industries,-0.07979077009098622,-0.06982820974715688,0.08787642469154539,-0.21245351893474268,-0.5448943460326375,0.4991789813837228,-0.9303871721444577,0.20412414523193148,8,-0.13077180820534767,0.0641443176545958,-0.1259721299039496,-0.209090909090909,True,1.012961911760759,-0.24698145503188387,1.2599433667926427
BPCL,FY2022-23,,10400000,127.45,0.125,0.001,0.17,0.108,1,Bharat Petroleum,,-0.35415814997657974,-0.22077103277444055,-0.24016891350474714,-0.7705133585418207,-0.3882503188540068,-0.35970551584745636,-4.898979485566355,7,-1.0332209678664865,0.1106927811994519,0.1162093941804389,-0.2814645308924485,True,2.474662461631475,-1.7958011600315589,4.270463621663034
Indian Oil Corporation,FY2022-23,20210000.0,20840000,302.31,0.395,0.0013,0.125,0.108,1,Indian Oil Corporation,-1.3973054852095563,-1.0852922819950954,-1.0665647079429454,-0.23797765244064725,-0.7692736936379241,-0.8874293002377298,-0.35970551584745636,-4.898979485566355,8,-1.3378160153597136,0.0209790761856471,-0.0624321286073502,-0.4174757281553398,True,-0.342499738002693,-2.3185594855863902,1.9760597475836972
ABB India,FY2022-23,316.0,26979,0.127,0.088,0.6945,,,0,ABB India,0.3216458419625756,0.37228530838020546,0.3950873001975345,-0.24046919742834602,2.095178677632512,,,0.20412414523193148,6,0.5246420126627355,0.0629010619001185,-0.0411015307887437,-0.1677419354838709,True,0.9739215765583262,0.8778662217843718,0.09605535477395444
ACC,FY2022-23,17467685.0,18122478,86.696,,,,,0,ACC Ltd,-1.164055622976478,-0.8949787677507257,-0.023644900795616045,,,,,0.20412414523193148,4,-0.46963878657272207,0.0088734517952329,-0.133724611742716,-0.3517786561264822,True,-0.722636835566511,-0.8285586528722163,0.10592181730570527
Adani Enterprises,FY2022-23,787145.0,954308,4.16,,,,,0,Adani Enterprises,0.2547214529514698,0.3073425992316807,0.3755797747946146,,,,,0.20412414523193148,4,0.2854419930524242,0.0382511904197079,-0.1215564268774219,-0.4077079107505071,True,0.19987388618852703,0.46734148491402044,-0.2674675987254934
Adani Green,FY2022-23,711.0,32599,1.245,1.07,0.8596,,,0,Adani Green Energy,0.321612244912061,0.3718917285122032,0.38967956069828713,-0.23249949978039747,2.7774075964102805,,,0.20412414523193148,6,0.6387026293307276,0.0161541789237942,-0.1379879685917071,-0.3205944798301486,True,-0.4940096793334945,1.0736216599368484,-1.567631339270343
Adani Ports,FY2022-23,,469625,3.013,0.194,0.0643,,,0,Adani Ports,,0.34128592150267023,0.38112778660645413,-0.23960892456614385,-0.5089440638196358,,,0.20412414523193148,5,0.03559697299105524,0.0308876150116628,-0.2046763994635976,-0.3741307371349096,True,-0.031354846261083966,0.038547368232268564,-0.06990221449335253
Alkem Labs,FY2022-23,26461.0,118278,0.816,0.166,0.2038,,,0,Alkem Laboratories,0.3194220574418026,0.3658914563572976,0.39175462352939366,-0.23983616645427272,0.06750011649228851,,,0.20412414523193148,6,0.18480937209974022,0.0142767604111748,-0.2256270692793323,-0.362962962962963,True,-0.5529637986158373,0.2946317154730419,-0.8475955140888792
Ambuja Cements,FY2022-23,20000839.0,20715844,99.102,,,,,0,Ambuja Cements,-1.3795151239875476,-1.0765973883844737,-0.08365242872733558,,,,,0.20412414523193148,4,-0.5839101989668564,0.0285417545586824,-0.0819267637282609,-0.2721311475409836,True,-0.10501883542234029,-1.024675867165635,0.9196570317432948
Angel One,FY2022-23,,34339,0.004,,,,,0,Angel One,,0.3717698728235334,0.39568224828197757,,,,,0.20412414523193148,3,0.32385875544581416,0.0304067465590267,-0.1613354728807036,-0.3243761996161228,True,-0.04645492966032095,0.53327388449597,-0.579728814156291
Apollo Hospitals,FY2022-23,,834308,5.755,,,,,0,Apollo Hospitals,,0.3157464398295947,0.367864797602039,,,,,0.20412414523193148,3,0.29591179422118835,0.0358944804304175,-0.0864706500950786,-0.4984520123839009,True,0.12586920322166556,0.48531018063943887,-0.3594409774177733
Ashok Leyland,FY2022-23,33568.0,131515,1.405,0.001,0.0005,,,0,Ashok Leyland,0.31881756570001124,0.3649644427073427,0.38890564449088144,-0.24117527043788933,-0.7725794667149817,,,0.20412414523193148,6,0.04384284349621598,0.0350821689143776,-0.1463898512348532,-0.288961038961039,True,0.10036124658379177,0.05269926431034137,0.04766198227345039
Aurobindo Pharma,FY2022-23,414356.0,967471,6.674,0.813,0.1218,,,0,Aurobindo Pharma,0.28642932855730174,0.30642076795009454,0.36341961638575243,-0.23458525568215183,-0.27134162390611855,,,0.20412414523193148,6,0.10907782975613496,0.0562077275959842,0.040886215910495,-0.1966426858513189,True,0.7637395493171115,0.16465818309606453,0.599081366221047
BSE Ltd,FY2022-23,,34339,0.167,,,,,0,BSE Ltd,,0.3717698728235334,0.39489382114568305,,,,,0.20412414523193148,3,0.32359594640038264,-0.0122107734843607,-0.238611556799902,-0.4927953890489913,True,-1.3847171995098164,0.5328228409952267,-1.9175400405050431
Bajaj Auto,FY2022-23,8667.0,80669,0.862,,,,,0,Bajaj Auto,0.3209355407756192,0.3685252900326888,0.39153212261976456,,,,,0.20412414523193148,4,0.32127927466500106,-0.0038595510193625,-0.1316709080459298,-0.4040816326530612,True,-1.1224746776397365,0.5288468753739366,-1.6513215530136731
Bajaj Finserv,FY2022-23,14843.0,51636,0.217,0.001,0.0064,,,0,Bajaj Finserv,0.3204102360060535,0.3705585292333491,0.3946519723308688,-0.24117527043788933,-0.7481993902716817,,,0.20412414523193148,6,0.050061703682105295,0.018492842142127,-0.2199485745084913,-0.2971800433839479,True,-0.42057169552323764,0.06337232339120971,-0.4839440189144474
Biocon,FY2022-23,,326563,2.253,,,,0.04,0,Biocon,,0.3513048401994933,0.3848038885916312,,,,-1.028780561161182,0.20412414523193148,4,-0.0221369217845315,0.0116893971959749,-0.1866706111985776,-0.2670157068062827,True,-0.6342113833127739,-0.060537874318550206,-0.5736735089942238
Bosch India,FY2022-23,7799.0,8643,0.092,,,,,0,Bosch India,0.3210093692309273,0.37356941522356674,0.3952565943679045,,,,,0.20412414523193148,4,0.32348988101358256,0.0655164539667905,-0.003188956930649,-0.3265993265993266,True,1.0560493146371146,0.5326408072935652,0.5234085073435494
Britannia,FY2022-23,75813.0,126070,1.638,,,,,0,Britannia Industries,0.3152243824114261,0.365345766974473,0.38777862901384685,,,,,0.20412414523193148,4,0.31811823090791935,0.0399353119677731,-0.0991549519822001,-0.3828571428571428,True,0.2527581535818824,0.5234217643780189,-0.2706636107961365
CDSL,FY2022-23,,34339,0.167,,,,,0,Central Depository Services,,0.3717698728235334,0.39489382114568305,,,,,0.20412414523193148,3,0.32359594640038264,0.0117141555666046,-0.1690860531457206,-0.3278688524590163,True,-0.6334339285654553,0.5328228409952267,-1.166256769560682
Cholamandalam,FY2022-23,,34339,0.069,,,,,0,Cholamandalam Finance,,0.3717698728235334,0.39536784482271903,,,,,0.20412414523193148,3,0.32375395429272796,0.0007157249376177,-0.2013583957528074,-0.3733681462140992,True,-0.9788032678265279,0.5330940205232809,-1.5118972883498087
Cipla,FY2022-23,,326563,1.881,,,,,0,Cipla,,0.3513048401994933,0.38660324377384947,,,,,0.20412414523193148,3,0.31401074306842475,0.0044854528716076,-0.2606213996186852,-0.3411078717201166,True,-0.8604274295205835,0.5163723278133657,-1.3767997573339492
Coal India,FY2022-23,24006330.0,31502250,332.188,6.836,0.0206,,0.0827,0,Coal India,-1.7202054618684381,-1.8319910271209978,-1.2110838857233672,-0.18570390238928597,-0.6895219181539087,,-0.608640790059769,0.20412414523193148,7,-0.8632889771548337,0.0521246849426201,0.0016133625592504,-0.2591414944356121,True,0.6355250984616779,-1.5041570126506063,2.1396821111122843
Coforge,FY2022-23,543.0,10026,0.048,0.001,0.0126,,,0,Coforge,0.32162653429050775,0.37347256096067577,0.395469421324941,-0.24117527043788933,-0.7225796489244851,,,0.20412414523193148,6,0.055156290407613585,0.0072553710391124,-0.1857619816155144,-0.3314763231197771,True,-0.7734473103027479,0.07211585894091298,-0.8455631692436609
Colgate India,FY2022-23,,33277,0.432,0.024,0.0551,,,0,Colgate-Palmolive India,,0.37184424681282496,0.39361202242716736,-0.2409886074583549,-0.5469604542057984,,,0.20412414523193148,5,0.03632627056155409,0.004703091702571,-0.2040210248608338,-0.3293172690763052,True,-0.8535932018218354,0.039799018184960795,-0.8933922200067962
Cummins India,FY2022-23,4945.0,19063,0.142,,,,,0,Cummins India,0.32125211855287367,0.3728396817316479,0.3950147455530902,,,,,0.20412414523193148,4,0.3233076727673858,0.012371676207027,-0.1395851509536013,-0.3111638954869358,True,-0.6127866674430639,0.5323280941405839,-1.1451147615836477
Dabur,FY2022-23,13573.0,61745,0.704,,,,,0,Dabur India,0.3205182569026449,0.3698505756949798,0.3922963648745777,,,,,0.20412414523193148,4,0.3216973356760335,0.1314663128758018,0.0773733722215349,-0.2393162393162393,True,3.1269865205086638,0.5295643685699214,2.5974221519387424
Divi's Labs,FY2022-23,380676.0,753817,5.2,0.011,0.0022,,,0,Divi's Laboratories,0.28929400871257566,0.3213833859426505,0.37054931944647745,-0.24109411262070046,-0.7655546989262342,,,0.20412414523193148,6,0.029783674631116752,-0.0168140927149403,-0.1599924482044673,-0.4353562005277044,True,-1.5292692155840875,0.028570350741005293,-1.5578395663250928
Dr Reddy's,FY2022-23,,304185,4.04,1.149,0.2845,,,0,Dr Reddy's Laboratories,,0.3528720164069943,0.3761602119501688,-0.23185835302460525,0.4009699756404768,,,0.20412414523193148,5,0.22045359924099323,0.045900626064733,-0.0475298889241246,-0.2129277566539923,True,0.4400791139670803,0.35580577805024727,0.08427333591683306
Eicher Motors,FY2022-23,11510.0,67455,0.721,0.075,0.1036,,,0,Eicher Motors,0.32069372706773785,0.3694506929465291,0.3922141362775408,-0.24057470259069158,-0.3465479614091797,,,0.20412414523193148,6,0.116560006253978,0.0136214162168257,-0.1400758809245684,-0.3824228028503563,True,-0.5735427156473646,0.1774993966670275,-0.7510421123143921
Emami,FY2022-23,3106.0,18448,0.129,,,,,0,Emami Ltd,0.32140853621337095,0.37288275141471217,0.39507762624494186,,,,,0.20412414523193148,4,0.3233732647762391,0.0496498857085642,-0.0664409849008447,-0.3686200378071834,True,0.5578122133144972,0.5324406657959675,0.025371547518529658
Escorts Kubota,FY2022-23,9153.0,46061,0.492,,,,0.0603,0,Escorts Kubota,0.32089420364511256,0.3709489576611272,0.3933218038493902,,,,-0.8290419814572316,0.20412414523193148,5,0.09204942578606594,0.0205330972264452,-0.1607266599539576,-0.2746113989637305,True,-0.356504232249168,0.13543334828826134,-0.4919375805374293
HDFC Life,FY2022-23,,4895,1.975,0.01,0.0052,,,0,HDFC Life Insurance,,0.37383189517824156,0.38614856800199865,-0.24110222840241932,-0.7531580498872681,,,0.20412414523193148,5,-0.0060311339755031446,0.0013025119551457,-0.2898792279302142,-0.2914046121593291,True,-0.9603771621968297,-0.03289647063822183,-0.9274806915586078
Havells,FY2022-23,9861.0,93545,0.561,0.034,0.0607,,,0,Havells India,0.3208339841216585,0.3676235579365326,0.3929880524849465,-0.24090744964116603,-0.523820042666395,,,0.20412414523193148,6,0.08680704124458466,0.0464685274997637,-0.0536515485672723,-0.1969407265774378,True,0.45791218033793535,0.12643615615604117,0.33147602418189415
Hero MotoCorp,FY2022-23,19867.0,102351,1.094,0.049,0.0448,,,0,Hero MotoCorp,0.3199829155458369,0.3670068561006557,0.3904099441190263,-0.2407857129153827,-0.5895222825729154,,,0.20412414523193148,6,0.07520264425152536,0.0457092620093714,-0.0978812005963515,-0.2838589981447124,True,0.434069958698658,0.10652022124150487,0.3275497374571531
Indus Towers,FY2022-23,,6944953,38.95,,,,,0,Indus Towers,,-0.11219428125740566,0.20730136944683752,,,,,0.20412414523193148,3,0.0997437444737878,0.0860933516903416,-0.0278234710188015,-0.1786259541984732,True,1.7021987345457736,0.14863864885562583,1.553560085690148
JSW Steel,FY2022-23,,48002762,494.384,,,,,0,JSW Steel,,-2.9875549657207205,-1.9956220930757111,,,,,0.20412414523193148,3,-1.5930176378548335,0.0389950455251065,-0.0855723088099198,-0.2203821656050955,True,0.2232321956531888,-2.756546819761256,2.9797790154144446
Jindal Steel,FY2022-23,17.0,18748800,181.665,,,,,0,Jindal Steel & Power,0.32167127365397785,-0.9388413531754479,-0.4830077026775658,,,,,0.20412414523193148,4,-0.22401340924177612,0.0372398909730989,0.0039398010331587,-0.2986022871664548,True,0.16811737169545785,-0.4070064575097683,0.5751238292052262
LIC,FY2022-23,295.0,4801,0.087,,,,,0,Life Insurance Corporation,0.32164762813488146,0.37383847818670995,0.39528077924938587,,,,,0.20412414523193148,4,0.3237227577007272,0.018901991896158,-0.118081129610885,-0.3673469387755102,True,-0.40772370066148955,0.5330404796718077,-0.9407641803332972
LTIMindtree,FY2022-23,2604.0,18321,0.148,0.076,0.5135,,,0,LTIMindtree,0.32145123423706295,0.37289164547934495,0.3949857236953125,-0.2405665868089727,1.3472475189482234,,,0.20412414523193148,6,0.4000222801304838,0.0858261933346756,0.056792794108516,-0.1529933481152993,True,1.69380950994756,0.6639888024179278,1.0298207075296322
LTTS,FY2022-23,482.0,18281,0.086,0.005,0.0618,,,0,L&T Technology Services,0.32163172269577706,0.37289444675954425,0.3952856162256822,-0.24114280731101378,-0.5192746046854408,,,0.20412414523193148,6,0.08891975315274671,0.0026524146968448,-0.1664851393953368,-0.3276955602536998,True,-0.9179879310697454,0.13006207768227712,-1.0480500087520226
Lupin,FY2022-23,86910.0,410755,2.652,,,,0.15,0,Lupin,0.3142805179315248,0.34540870563599685,0.38287393504941325,,,,0.05354671802278599,0.20412414523193148,5,0.2600468043743304,0.0538409631699323,0.073556803007211,-0.2317880794701986,True,0.6894191400163666,0.42375723618849076,0.26566190382787586
Marico,FY2022-23,780.0,12556,0.174,0.115,0.6617,,,0,Marico,0.32160637606019893,0.3732953799880698,0.394859962311609,-0.24025007132193604,1.9596419814731492,,,0.20412414523193148,6,0.5022129622905037,0.0430561274128115,-0.0350636326424453,-0.0836012861736334,True,0.3507570412930054,0.8393725794455759,-0.48861553815257047
Maruti Suzuki,FY2022-23,223289.0,429915,5.122,0.136,0.0266,,,0,Maruti Suzuki,0.3026806896982675,0.34406689242052996,0.3709266035975878,-0.2400796399058394,-0.6647286200759766,,,0.20412414523193148,6,0.0528316784944168,-0.0224728538570078,-0.1998233327246976,-0.233140655105973,True,-1.7069638942704506,0.06812626606568874,-1.7750901603361393
Mphasis,FY2022-23,,68661,0.023,,,,,0,Mphasis,,0.36936623434852006,0.3955903457323482,,,,,0.20412414523193148,3,0.3230269084375999,0.0291032415947743,-0.163732851356534,-0.3204104903078677,True,-0.08738719203608927,0.531846235055473,-0.6192334270915623
Muthoot Finance,FY2022-23,11643.0,66579,0.306,,,,,0,Muthoot Finance,0.3206824146431342,0.36951204098289386,0.39422148144049934,,,,,0.20412414523193148,4,0.32213502057461474,0.0492739561013877,-0.1545189710799604,-0.2335115864527629,True,0.5460073872971345,0.5303155410744844,0.015691846222650074
NALCO,FY2022-23,10199426.0,11186395,102.943,,,0.5,,0,National Aluminium Company,-0.5458478640485902,-0.4092309685348844,-0.10223125468136865,,,3.272395544626628,,0.20412414523193148,5,0.4838419205187433,0.0018340068845412,0.0009703866850871,-0.5041322314049587,True,-0.9436873217297591,0.8078434554025564,-1.7515307771323156
NMDC,FY2022-23,62562.0,116673,1.13,0.004,0.0037,,,0,NMDC Ltd,0.3163514571364123,0.3660038577252947,0.39023581297236,-0.24115092309273267,-0.7593563744067512,,,0.20412414523193148,6,0.046034662594419094,0.0060506235911614,-0.1009294246840808,-0.4872881355932203,True,-0.8112784194956081,0.056460952791902254,-0.8677393722875103
NTPC,FY2022-23,336.0,954308,3.743,,,,,0,NTPC Ltd,0.3216441408460939,0.3073425992316807,0.37759679391016565,,,,,0.20412414523193148,4,0.30267691980496797,0.0094503076089655,-0.1350173130357528,-0.0933333333333333,True,-0.704522586546959,0.4969207624642252,-1.2014433490111842
ONGC,FY2022-23,,9363199,133.968,0.351,0.0026,,,0,Oil & Natural Gas Corporation,,-0.281548897178598,-0.2522984442736302,-0.23833474683627834,-0.7639018123877055,,,0.20412414523193148,5,-0.2663919510888561,0.0317911432745556,-0.097034937236458,-0.2951096121416526,True,-0.0029825293655656006,-0.4797382230383181,0.4767556936727525
PNB,FY2022-23,,205583,0.964,,,,,0,Punjab National Bank,,0.35977731216229025,0.39103875103754343,,,,,0.20412414523193148,3,0.3183134028105884,0.022098571611721,-0.0657723851990504,-0.4389721627408993,True,-0.3073456866064939,0.5237567262819445,-0.8311024128884383
Paytm,FY2022-23,4150.0,6275,0.051,,,,,0,Paytm (One 97 Communications),0.3213197379330234,0.37373525101136557,0.3954549103960522,,,,,0.20412414523193148,4,0.3236585111430932,-0.0065655370375939,-0.1905781878601937,-0.4035087719298245,True,-1.2074472191497214,0.5329302171341603,-1.7403774362838818
Persistent Systems,FY2022-23,314.0,6204,0.02,,,,,0,Persistent Systems,0.32164601207422383,0.37374022328371936,0.39560485666123707,,,,,0.20412414523193148,4,0.32377880931277797,0.0529743539435522,-0.1037819878939463,-0.2533692722371967,True,0.6622061433617691,0.5331366777127852,0.12906946564898392
Pidilite,FY2022-23,9881.0,43167,0.622,,,,,0,Pidilite Industries,0.32083228300517674,0.37115163028354686,0.3926929969308731,,,,,0.20412414523193148,4,0.32220026386288203,0.0126355317576477,-0.0751329717071106,-0.5416666666666666,True,-0.6045011565140712,0.5304275142415106,-1.1349286707555817
PolicyBazaar,FY2022-23,296.0,6238,0.031,,,,,0,PB Fintech (PolicyBazaar),0.3216475430790574,0.37373784219554995,0.3955516499219779,,,,,0.20412414523193148,4,0.3237652951071292,0.0182010249367782,-0.1003310875301914,-0.4811083123425693,True,-0.42973524974257366,0.5331134840871032,-0.962848733829677
Power Grid,FY2022-23,119517.0,357071,1.422,,,,,0,Power Grid Corporation,0.31150710267549697,0.34916830379148367,0.3888234158938446,,,,,0.20412414523193148,4,0.3134057418981892,0.0732199023369439,-0.0047477055341005,-0.214170692431562,True,1.2979506334143318,0.5153340003641379,0.7826166330501939
SAIL,FY2022-23,47603938.0,50624760,490.525,0.0,0.0,,,0,Steel Authority of India,-3.727319456807088,-3.171178742721131,-1.9769562015483448,-0.24118338621960822,-0.7746455748881428,,,0.20412414523193148,6,-1.6145265361587307,0.0217203063152308,-0.0194483002612613,-0.2470930232558139,True,-0.31922385722202723,-2.7934612599480237,2.4742374027259966
SBI Life,FY2022-23,87.0,4989,0.024,,,,0.1904,0,SBI Life Insurance,0.3216653197462917,0.3738253121697732,0.3955855087560519,,,,0.45105600965035264,0.20412414523193148,5,0.3492512591108802,0.0213580152991673,-0.0673799430546553,-0.2139303482587064,True,-0.330600408391819,0.5768535250936722,-0.9074539334854912
Shriram Finance,FY2022-23,37130.0,56504,0.271,,,,,0,Shriram Finance,0.3185145968546108,0.37021761343309373,0.3943907756108693,,,,,0.20412414523193148,4,0.32181178278262634,-0.0036253929138183,-0.1910272136978481,-0.4256756756756756,True,-1.1151217167562733,0.5297607873176964,-1.6448825040739696
Siemens India,FY2022-23,8203.0,26979,0.067,,,,,0,Siemens India,0.3209750066779959,0.37228530838020546,0.39537751877531163,,,,,0.20412414523193148,4,0.32319049476636114,0.0187895288369778,-0.1540486734874289,-0.3232044198895027,True,-0.41125523109074696,0.5321269885214622,-0.9433822196122092
Sun Pharma,FY2022-23,41174.0,302977,3.207,1.271,0.3962,,,0,Sun Pharmaceutical,0.3181706311020001,0.3529566150690133,0.3801894132049748,-0.23086822765490084,0.8625385415246485,,,0.20412414523193148,6,0.3145185197462779,0.0439857137699921,-0.1873353124906619,-0.2424242424242424,True,0.37994762645880414,0.5172437946610866,-0.13729616820228246
TVS Motor,FY2022-23,,22709,0.243,0.0,0.0012,,,0,TVS Motor Company,,0.37258434504148125,0.3945262109471654,-0.24118338621960822,-0.7696869152725563,,,0.20412414523193148,5,-0.007927120054317283,0.0031783953799228,-0.1390634511940573,-0.3650107991360691,True,-0.9014712472712434,-0.03615043854082927,-0.8653208087304142
Tata Consumer,FY2022-23,6158.0,21508,0.279,,,,,0,Tata Consumer Products,0.32114894583825526,0.37266845347946537,0.3943520798004991,,,,,0.20412414523193148,4,0.3230734060875378,0.0513543692865857,-0.0523273653040329,-0.281767955801105,True,0.6113358829161536,0.531926036200711,0.0794098467154426
Tata Power,FY2022-23,28.0,954308,408.948,,,,,0,Tata Power,0.3216703380399129,0.3073425992316807,-1.582370186226252,,,,,0.20412414523193148,4,-0.18730827593068175,0.0298964276763738,-0.0598858743175572,-0.138328530259366,True,-0.06247980641407968,-0.34401162490533727,0.2815318184912576
Tata Steel,FY2022-23,76.0,75500000,731.551,,,,,0,Tata Steel,0.3216662553603567,-4.913241674344912,-3.1427932503368847,,,,,0.20412414523193148,4,-1.882561131022377,0.1389944088479427,0.1435834101005776,-0.0256983240223463,True,3.3633814771618327,-3.253473059728856,6.616854536890688
Tech Mahindra,FY2022-23,8611.0,68661,0.114,0.025,0.2189,,,0,Tech Mahindra,0.32094030390176814,0.36936623434852006,0.3951501808893862,-0.24098049167663602,0.1298965833217513,,,0.20412414523193148,6,0.19641615933612022,0.0457435081515348,-0.1270302878410527,-0.227176220806794,True,0.43514534553248885,0.3145517526197264,0.12059359291276245
Titan,FY2022-23,3687.0,22479,0.197,0.0,0.001,,,0,Titan Company,0.32135911877957596,0.37260045240262724,0.39474871185679444,-0.24118338621960822,-0.7705133585418207,,,0.20412414523193148,6,0.04685594725158335,0.0014936977342979,-0.1461566505651619,-0.3287037037037037,True,-0.9543736051031582,0.05787047469882889,-1.0122440798019872
Torrent Pharma,FY2022-23,25063.0,122174,0.843,0.02,0.0242,,,0,Torrent Pharmaceuticals,0.31954096548387717,0.36561861166588533,0.39162402516939393,-0.24102107058523045,-0.6746459393071494,,,0.20412414523193148,6,0.06087345627645133,0.0818001106036482,-0.0392995932035976,-0.1066126855600539,True,1.5673836970719799,0.08192788996738366,1.4854558071045962
Vodafone Idea,FY2022-23,9916.0,446483,2.067,,,,,0,Vodafone Idea,0.32082930605133364,0.34290660216197794,0.3857035661827404,,,,,0.20412414523193148,4,0.3133909049069959,0.0155323771759867,-0.1424905247986316,-0.4090019569471624,True,-0.5135353067648909,0.5153085365204664,-1.0288438432853573
Reliance Industries,FY2023-24,460000.0,4660000,506.18,6.85,0.0135,0.07,0.214,0,Reliance Industries,0.2877147713828771,0.042647342012489264,-1.9573525608449536,-0.16878020577464795,-0.7560130601026572,-1.4656689692672773,0.8754056571144722,0.17586311452816472,8,-0.3707729888689416,0.0564129388815647,-0.0425723051937582,-0.3088235294117647,True,0.809819707163214,-0.7277448824622942,1.5375645896255081
TCS,FY2023-24,21949.0,95671,1504.8,1113.552,0.74,0.11,,0,Tata Consultancy Services,0.3201216136666117,0.3712719643545796,-6.575886046684148,6.535261161940833,1.648427699159384,-1.0100205850391084,,0.17586311452816472,7,0.2092912745609025,0.0244282499754003,-0.0601095147830035,-0.1574279379157428,True,-0.20952546461248286,0.36313906742904206,-0.5726645320415249
Infosys,FY2023-24,7150.0,63031,485.753,294.8521,0.607,0.11,0.39,0,Infosys,0.3212164379198539,0.3736219938273117,-1.8628794043737862,1.5758430011852482,1.2082479042772758,-1.0100205850391084,2.0319956624516182,0.17586311452816472,8,0.35173601559707224,0.0150518435118503,-0.1130377277731895,-0.170018281535649,True,-0.5083495265024224,0.6310243545246143,-1.1393738810270366
HDFC Bank,FY2023-24,63215.0,502690,3.04,0.021,0.007,0.17,0.195,0,HDFC Bank,0.31706877106682174,0.3419672264268239,0.36962760985574555,-0.2101480703851113,-0.7775256064690761,-0.3265480086968546,0.7505465088110302,0.17586311452816472,8,0.08010644314219303,0.0427155643701553,-0.117491038814187,-0.2757475083056478,True,0.3732873208339005,0.12019071144721825,0.2530966093866822
Wipro,FY2023-24,6515.0,38928,840.96,639.1296,0.76,0.13,0.35,0,Wipro,0.32126341497241206,0.37535737251546314,-3.5056818957163216,3.661364308613686,1.7146201495175957,-0.7821963929250237,1.7691342976022664,0.17586311452816472,8,0.4662155461385303,0.0264628980308771,-0.0736297810683026,-0.1774193548387097,True,-0.14468166770397634,0.8463175389734364,-0.9909992066774127
ITC,FY2023-24,1400000.0,1650000,25.0,12.5,0.5,0.21,,0,ITC Ltd,0.21817393767467763,0.25936268248196287,0.2680644573562676,-0.13455434034059932,0.8541182948608431,0.12910037553131426,,0.17586311452816472,7,0.25287550315609014,0.0705341152397209,0.0375477743720443,-0.1065006915629322,True,1.259858567403791,0.44510470199814284,0.8147538654056481
HCL Technologies,FY2023-24,12507.0,167425,0.9852,0.1874,0.45,0.3,0.3,0,HCL Technologies,0.32082012914732744,0.3661057874309761,0.3791308869848861,-0.20914007321551387,0.6886371689653139,1.1543092400446946,1.4405575915405773,0.17586311452816472,8,0.5395354806783033,-0.0353009159831951,-0.0861629387363791,-0.3289473684210526,True,-2.1130811663016513,0.9842049160091972,-3.0972860823108483
ICICI Bank,FY2023-24,20000.0,126200,0.8823,0.2726,0.309,0.22,,0,ICICI Bank,0.3202657999271407,0.36907392361398406,0.37960679082788235,-0.208623959280119,0.2219803939399211,0.24301247158835665,,0.17586311452816472,7,0.21445407644933295,0.0004960244767508,-0.2180695764122987,-0.438953488372093,True,-0.9722403555862673,0.37284836702156665,-1.345088722607834
Asian Paints,FY2023-24,13000.0,42925,0.28,,0.36,0.14,,0,Asian Paints,0.3207836571994358,0.3750695947028862,0.3823923776562264,,0.390771142353361,-0.6682842968679814,,0.17586311452816472,6,0.16276593159534877,0.010792076404466,-0.1052693698524696,-0.2463414634146341,True,-0.6441073901020976,0.27564229663297185,-0.9197496867350694
Larsen & Toubro,FY2023-24,297000.0,990000,10.5,1.05,0.1,0.11,,0,Larsen & Toubro,0.2997734478663202,0.30688166079088397,0.3351257374674894,-0.20391472250340584,-0.46973071230339153,-1.0100205850391084,,0.17586311452816472,7,-0.08086029417043537,0.0048592501890755,-0.1090307791657265,-0.2736196319018404,True,-0.8331852884485479,-0.18252752387802806,-0.6506577645705198
Mahindra & Mahindra,FY2023-24,60359.0,269366,2.55,,0.34,0.15,,0,Mahindra & Mahindra,0.31728005683391813,0.3587661932373553,0.3718938186319179,,0.3245786919951494,-0.5543722008109393,,0.17586311452816472,6,0.165668279069261,0.0171655347740108,-0.0250595317306843,-0.1445086705202312,True,-0.4409866395589595,0.28110052682556746,-0.722087166384527
Hindustan Unilever,FY2023-24,14622.0,234856,3.7266,3.5775,0.96,0.25,,0,Hindustan Unilever,0.320663662271484,0.361250859815296,0.3664521426195825,-0.18860394818755485,2.376544653099713,0.5847487597594835,,0.17586311452816472,7,0.5709884634151671,0.1273980701939677,0.0391309573842247,-0.0587458745874587,True,3.0721006092362138,1.0433562139032861,2.028744395332928
Bajaj Finance,FY2023-24,4785.0,33693,0.234,,0.0176,0.21,,0,Bajaj Finance,0.3213913996982793,0.37573428441159523,0.38260512378623446,,-0.7424436077792239,0.12910037553131426,,0.17586311452816472,6,0.10704178169606067,0.0130979329008947,-0.1299453504087234,-0.2596685082872928,True,-0.5706202383796616,0.17084601011975453,-0.7414662484994161
Nestle India,FY2023-24,8160.0,2603706,4.8102,1.6808,0.349,0.33,,0,Nestle India,0.3211417185134227,0.19069732683485993,0.3614405837831329,-0.2000935409253885,0.35436529465634453,1.4960455282158218,,0.17586311452816472,7,0.38563714651519404,0.0600433432896222,-0.0185966056771576,-0.2124711316397228,True,0.9255199165916509,0.694779703601065,0.2307402129905859
Bharti Airtel,FY2023-24,50700.0,1053843,5.2102,0.8061,0.155,0.27,0.158,0,Bharti Airtel,0.31799462589007504,0.30228506362091967,0.35959061743523707,-0.20539218950860305,-0.28770147381830924,0.8125729518735682,0.5073997463253803,0.17586311452816472,8,0.24782655704330409,0.0270911764581592,-0.0934533200093678,-0.2037617554858934,True,-0.1246585690501262,0.43560952254037455,-0.5602680915905007
Kotak Mahindra Bank,FY2023-24,6670.0,50533,0.095,,0.13,0.22,,0,Kotak Mahindra Bank,0.32125194813281127,0.37452183048019794,0.3832479870921282,,-0.3704420367660739,0.24301247158835665,,0.17586311452816472,6,0.18790921917593081,0.0193371206265071,-0.1286386009787434,-0.246031746031746,True,-0.37177866444522034,0.3229274176072903,-0.6947060820525106
Axis Bank,FY2023-24,7000.0,195000,0.28,,0.05,0.2,0.25,0,Axis Bank,0.32122753486140304,0.364120430117539,0.3823923776562264,,-0.6352118381989208,0.01518827947427221,1.1119808854788882,0.17586311452816472,7,0.24793725484536752,0.0287888797207011,-0.1072598555849658,-0.1595576619273301,True,-0.07055313038674103,0.4358177037078287,-0.5063708340945697
IDFC First Bank,FY2023-24,,36837,0.125,0.03125,0.25,0.17,,0,IDFC First Bank,,0.37550792127856003,0.38310923961603605,-0.21008597921330618,0.0267126653831965,-0.3265480086968546,,0.17586311452816472,6,0.07075982548263275,-0.012485685967365,-0.1369161094367808,-0.3034055727554179,True,-1.385964681666838,0.10261321903233102,-1.488577900699169
Federal Bank,FY2023-24,3867.0,31944,0.19,0.04,0.21,,,0,Federal Bank,0.3214593129805603,0.3758602097041139,0.382808620084503,-0.21003297455444814,-0.105672235333227,,,0.17586311452816472,6,0.15671434123494446,0.0472304932028055,-0.1858849849179387,-0.3293233082706767,True,0.517177133862092,0.264261518309467,0.252915615552625
Bank of Baroda,FY2023-24,,90000,0.5,0.04,0.08,0.15,,0,Bank of Baroda,,0.37168026757577644,0.38137489616488374,-0.21003297455444814,-0.5359231626616033,-0.5543722008109393,,0.17586311452816472,6,-0.06190167662636096,-0.0174819938473257,-0.1363647679853088,-0.4010989010989011,True,-1.5451959416326417,-0.14687345432947288,-1.3983224873031688
IndusInd Bank,FY2023-24,15000.0,60000,0.16,0.048,0.3,0.2,,0,IndusInd Bank,0.32063569797878005,0.3738402211352728,0.38294736756059516,-0.20998451315206362,0.1921937912787258,0.01518827947427221,,0.17586311452816472,7,0.17866913697196388,0.0018953588840208,-0.1999154064902349,-0.2795275590551181,True,-0.9276438683127778,0.3055502785427612,-1.233194146855539
SBI,FY2023-24,147240.0,769910,3.9652,0.079304,0.02,0.18,,0,State Bank of India,0.3108526343090223,0.3227278000878695,0.3653486376930627,-0.2097948836845331,-0.7345005137362385,-0.21263591263981255,,0.17586311452816472,7,0.0025515537939335858,0.0167282402258494,-0.1459685415671817,-0.4145658263305322,True,-0.45492312296887777,-0.02566103181544379,-0.429262091153434
Vedanta Limited,FY2023-24,61280000.0,65840000,648.72,,,0.13,0.2,1,Vedanta Ltd,-4.211725128758286,-4.362217950320532,-2.6165880689176126,,,-0.7821963929250237,0.7834041794171992,-5.686240703077326,6,-2.812594010763597,0.0805331844991694,-0.0632723594963964,-0.3,True,1.5785267589804555,-5.319897044262048,6.898423803242504
Hindalco Industries,FY2023-24,,29960000,320.91,2.12,0.0066,0.2,0.1292,0,Hindalco Industries,,-1.7789134931628203,-1.1004943976583286,-0.19743300993447982,-0.7788494554762404,0.01518827947427221,0.3181395636338474,0.17586311452816472,7,-0.47807134265651213,0.0127162169199436,-0.1764659959822893,-0.2088888888888889,True,-0.5827854447793129,-0.9295329590187111,0.3467475142393982
UltraTech Cement,FY2023-24,71237860.0,73122247,319.95,7.858,0.0246,0.14,0.05,0,UltraTech Cement,-4.9484037312577875,-4.8865284612799345,-1.0960544784233786,-0.16267406907420173,-0.7192762501538498,-0.6682842968679814,-0.20232593876786836,0.17586311452816472,8,-1.5634605139121045,0.0336280153740359,-0.0805088952993569,-0.2234548335974643,True,0.08366908444442374,-2.970744081571838,3.054413166016262
Shree Cement,FY2023-24,21946000.0,22316000,109.21,6.498,0.0595,0.17,0.05,0,Shree Cement,-1.3018111361217766,-1.228557326203134,-0.12139970803449018,-0.17091250747956566,-0.6037704242787703,-0.3265480086968546,-0.20232593876786836,0.17586311452816472,8,-0.47243274188178686,0.0267737244029302,-0.0376402994466794,-0.0599250936329588,True,-0.13477569792754945,-0.9189288596580261,0.7841531617304767
Grasim Industries,FY2023-24,5310000.0,6500000,68.28,4.58,0.0671,0.25,0.05,0,Grasim Industries,-0.07108633870730113,-0.08982980963662417,0.06789809851394485,-0.18253112870124802,-0.5786172931426498,0.5847487597594835,-0.20232593876786836,0.17586311452816472,8,-0.036985067019262304,0.0563822735329063,-0.100706939490474,-0.2365038560411311,True,0.8088424090820145,-0.10001462985134742,0.908857038933362
BPCL,FY2023-24,,10530000,126.94,0.182,0.0014,0.17,0.108,1,Bharat Petroleum,,-0.37998357112897585,-0.2033994664049704,-0.20917278466212336,-0.7960594925693754,-0.3265480086968546,0.17882304026369106,-5.686240703077326,7,-1.0603687123251333,0.0980919229280617,0.0498653339635994,-0.2218700475435816,True,2.138119984741491,-2.0246165466189456,4.162736531360437
Indian Oil Corporation,FY2023-24,22000000.0,22760000,325.93,0.228,0.0007,0.125,0.108,1,Indian Oil Corporation,-1.3058060350794816,-1.2605246388836808,-1.1237114753244206,-0.20889413159841252,-0.7983762283319128,-0.839152440953545,0.17882304026369106,-5.686240703077326,8,-1.3804853266231358,0.0164739828184247,-0.0909176532551646,-0.3022556390977444,True,-0.46302625198185443,-2.626636182454487,2.1636099304726324
ABB India,FY2023-24,818.0,26979,0.127,0.098,0.7701,,,0,ABB India,0.32168487681244995,0.37621768201821054,0.3830999897842966,-0.20968162938716056,1.7480473369484926,,,0.17586311452816472,6,0.46587189511740895,0.0487833771299808,-0.1730849473400318,-0.2120300751879699,True,0.5666672113844389,0.8456712599196495,-0.27900404853521066
ACC,FY2023-24,14800767.0,15402513,73.684,4.928,0.0669,,,0,ACC Ltd,-0.773209583079926,-0.730796964397061,0.04290505315387296,-0.18042305769752254,-0.579279217646232,,,0.17586311452816472,6,-0.3408234425231173,-0.0017422112551602,-0.0825089462609453,-0.344578313253012,True,-1.0435724480544106,-0.6714209861718999,-0.3721514618825107
Adani Enterprises,FY2023-24,790770.0,1089646,4.16,0.511,0.1229,,0.0031,0,Adani Enterprises,0.26324453567472694,0.29970730304456467,0.3644477040816374,-0.20717980948906106,-0.3939403566432391,,-0.5105308890537328,0.17586311452816472,7,-0.001198342550991335,0.0434474269973068,-0.1166756265774005,-0.2906403940886699,True,0.39661162570923025,-0.03271318447219771,0.429324810181428
Adani Green,FY2023-24,3019.0,39619,1.245,,,,,0,Adani Green Energy,0.32152204769011833,0.3753076215851427,0.37792933384192784,,,,,0.17586311452816472,4,0.31265552941133845,0.0167416286635763,-0.163766947232795,-0.3388429752066115,True,-0.4544964363315754,0.5575285751399509,-1.0120250114715263
Adani Ports,FY2023-24,126197.0,469625,3.013,0.0,0.0001,,,0,Adani Ports,0.31240938724915174,0.34434785524164885,0.36975248258422855,-0.2102752815663706,-0.8003620018426592,,,0.17586311452816472,6,0.03195592603236069,0.0225931843742728,-0.1837443592213094,-0.4013793103448276,True,-0.26800861152970906,0.029637595860505156,-0.2976462073902142
Alkem Labs,FY2023-24,19249.0,101568,0.701,0.117,0.1665,,0.002,0,Alkem Laboratories,0.32032135861449695,0.3708473894832346,0.38044528807506617,-0.2095665335564974,-0.24964081486233747,,-0.5177595765870899,0.17586311452816472,7,0.03864431795643396,0.0352909580937453,-0.1579776216919223,-0.3577661431064572,True,0.13666671206707753,0.042215959777310734,0.09445075228976679
Ambuja Cements,FY2023-24,,20715844,99.102,4.828,0.0487,,,0,Ambuja Cements,,-1.1133485712714823,-0.07465105842316402,-0.18102882522732872,-0.6395143474722047,,,0.17586311452816472,5,-0.366535937573203,0.002111437224916,-0.0486520451094423,-0.2857142857142857,True,-0.9207574979571675,-0.7197765735269058,-0.20098092443026172
Angel One,FY2023-24,,34339,0.004,,,,0.0008,0,Angel One,,0.3756877734116141,0.38366885443627446,,,,-0.5256454175325705,0.17586311452816472,4,0.10239358121087067,0.0417451199971967,-0.0820230220961901,-0.2891566265060241,True,0.3423594669174726,0.16210448331858804,0.18025498359888456
Apollo Hospitals,FY2023-24,731919.0,834308,5.755,0.201,0.0349,,0.0009,0,Apollo Hospitals,0.26759830972213255,0.3180912437770545,0.357070963269403,-0.2090576888314602,-0.6851871382193707,,-0.5249882641204472,0.17586311452816472,7,-0.042944208553503324,0.0768029027385637,-0.0501511532347649,-0.3168316831683168,True,1.4596434797592055,-0.11122154650640284,1.5708650262656083
Ashok Leyland,FY2023-24,33110.0,123464,1.319,0.001,0.0005,,,0,Ashok Leyland,0.3192959272357423,0.3692709113786101,0.37758709006756713,-0.21026922389107255,-0.799038152835495,,,0.17586311452816472,6,0.03878494441391946,0.0568775467515464,-0.0758411495813301,-0.2787286063569682,True,0.8246266602783204,0.04248042555304037,0.7821462347252801
Aurobindo Pharma,FY2023-24,,967471,6.674,,,,,0,Aurobindo Pharma,,0.3085037139156138,0.35282066558511244,,,,,0.17586311452816472,3,0.2790624980096303,0.0320809740234505,-0.1074959814717823,-0.1737451737451737,True,0.034365208584225766,0.4943526460323111,-0.45998743744808535
BSE Ltd,FY2023-24,,34339,0.167,,,,,0,BSE Ltd,,0.3756877734116141,0.38291499314950694,,,,,0.17586311452816472,3,0.31148862702976193,-0.0062020381324385,-0.2095651130290015,-0.4273504273504273,True,-1.1857061735893477,0.5553340681526991,-1.7410402417420467
Bajaj Auto,FY2023-24,22567.0,92677,0.99,,,,0.005,0,Bajaj Auto,0.32007589426742905,0.37148752771981736,0.37910868738871145,,,,-0.4980449742233886,0.17586311452816472,5,0.1496980499361468,0.0103714715101216,-0.1941735157743096,-0.3672316384180791,True,-0.6575119778263372,0.2510664982950228,-0.90857847612136
Bajaj Finserv,FY2023-24,6057.0,48146,0.217,,,,0.0031,0,Bajaj Finserv,0.3212972976339422,0.37469369078508186,0.38268374735602,,,,-0.5105308890537328,0.17586311452816472,5,0.14880139224989522,0.0062538969889283,-0.185732394028455,-0.2291666666666666,True,-0.7887381942175208,0.24938022051487674,-1.0381184147323976
Biocon,FY2023-24,,326563,2.253,,,,0.0034,0,Biocon,,0.3546480977792714,0.3732674186452305,,,,-0.5085594288173627,0.17586311452816472,4,0.09880480053382598,-0.0101845255703665,-0.2431227870692964,-0.3391304347826087,True,-1.3126271936254965,0.15535532897986068,-1.467982522605357
Bosch India,FY2023-24,7480.0,8324,0.089,,,,0.0019,0,Bosch India,0.32119202464844565,0.3775608131399574,0.38327573658734665,,,,-0.5184167299992134,0.17586311452816472,5,0.14789499178094018,0.0530013710792575,-0.0448368007450231,-0.3375196232339089,True,0.7010937733994176,0.2476756202040241,0.45341815319539347
Britannia,FY2023-24,,126070,1.638,0.503,0.3073,,0.0008,0,Britannia Industries,,0.3690832834127419,0.37611174190512026,-0.20722827089144558,0.21635403565947317,,-0.5256454175325705,0.17586311452816472,6,0.06742308118024733,0.0363234364709188,-0.0225015577188757,-0.2937399678972712,True,0.16957157638582265,0.0963380508589966,0.07323352552682605
CDSL,FY2023-24,,34339,0.167,,,,,0,Central Depository Services,,0.3756877734116141,0.38291499314950694,,,,,0.17586311452816472,3,0.31148862702976193,-0.0061696223819103,-0.0843365867741597,-0.3233644859813084,True,-1.1846730905761804,0.5553340681526991,-1.7400071587288797
Cholamandalam,FY2023-24,,34339,0.069,0.0,0.0014,,,0,Cholamandalam Finance,,0.3756877734116141,0.3833682349047414,-0.2102752815663706,-0.7960594925693754,,,0.17586311452816472,5,-0.014283130258245147,-0.0010460935533046,-0.0990371379469122,-0.3451327433628318,True,-1.0213873262776803,-0.057320776764090406,-0.9640665495135898
Cipla,FY2023-24,,326563,1.881,0.583,0.31,,0.0017,0,Cipla,,0.3546480977792714,0.3749878873487736,-0.20674365686760066,0.2252900164578317,,-0.5197310368234601,0.17586311452816472,6,0.06738573707049676,-0.0063309887690203,-0.2595477576500603,-0.327683615819209,True,-1.189815802705413,0.09626782055432487,-1.286083623259738
Coal India,FY2023-24,,31502250,332.188,,,,0.0848,0,Coal India,,-1.8899531057339318,-1.1526541988372498,,,,0.026363448651067302,0.17586311452816472,4,-0.7100951853479874,0.043155278970042,0.0231793414720374,-0.2471358428805237,True,0.38730093077298006,-1.3658830359698921,1.7531839667428721
Coforge,FY2023-24,413.0,9101,0.048,0.001,0.0105,,0.75,0,Coforge,0.32171483855463273,0.3775048703427664,0.383465358138006,-0.21026922389107255,-0.765941927656389,,4.39774794609578,0.17586311452816472,7,0.6685835680159841,0.0564603931384115,-0.0148160914640601,-0.3404255319148936,True,0.8113320641456098,1.2268961075134943,-0.41556404336788455
Colgate India,FY2023-24,4860.0,33277,0.432,0.04,0.0924,,0.0038,0,Colgate-Palmolive India,0.3213858512275047,0.37576423576762025,0.381689390444026,-0.21003297455444814,-0.494883843439512,,-0.5059308151688692,0.17586311452816472,7,0.006264994114926615,0.0125487524322992,-0.2149357046758712,-0.3570274636510501,True,-0.5881225020639723,-0.018677439306058717,-0.5694450627579136
Cummins India,FY2023-24,27.0,17126,0.142,,,,,0,Cummins India,0.3217433946842193,0.37692708276560116,0.3830306160462505,,,,,0.17586311452816472,4,0.3143910520060589,0.0029853720036221,-0.1232369247278789,-0.299009900990099,True,-0.8929053840993638,0.5607924440982965,-1.4536978281976602
Dabur,FY2023-24,12185.0,61829,0.371,,,,0.007,0,Dabur India,0.32084395058185305,0.37370853596659553,0.38197151031208015,,,,-0.48490190598092103,0.17586311452816472,5,0.15349704108155446,0.1066185397406419,0.0403328806250577,-0.2488262910798122,True,2.4098614328132277,0.25821097991124936,2.151650452901978
Divi's Labs,FY2023-24,339941.0,697751,5.2,0.023,0.0045,,,0,Divi's Laboratories,0.29659668941923106,0.32792313638452625,0.3596377915771084,-0.21013595503451515,-0.7857996627638526,,,0.17586311452816472,6,0.02734751901844377,0.0431655714397921,-0.0663329983750979,-0.3138461538461538,True,0.3876289495752322,0.020970905697033897,0.3666580438781983
Dr Reddy's,FY2023-24,189530.0,304185,4.04,2.322,0.5749,,0.56,0,Dr Reddy's Laboratories,0.3077240365882566,0.35625927913775174,0.3650026939860061,-0.19620935952427132,1.102009021452346,,3.1491564630613613,0.17586311452816472,7,0.751400749889945,0.0356610378419811,-0.1406819733833386,-0.2486583184257602,True,0.14846107422713672,1.3826442550503617,-1.234183180823225
Eicher Motors,FY2023-24,14516.0,58522,0.625,0.124,0.1982,,0.0023,0,Eicher Motors,0.32067150411017875,0.373946634847304,0.3807967816811663,-0.20952412982941093,-0.14472578104457196,,-0.5157881163507199,0.17586311452816472,7,0.05446285827744444,0.0303944424298164,-0.1092277698571214,-0.2816326530612245,True,-0.019384191388420433,0.07196471838013463,-0.09134890976855506
Emami,FY2023-24,,18448,0.023,,,,,0,Emami Ltd,,0.37683190081207935,0.38358098103474947,,,,,0.17586311452816472,3,0.3120919987916645,0.0700095896041247,-0.0980859769099369,-0.3921901528013582,True,1.243142047956434,0.5564687847907924,0.6866732631656415
Escorts Kubota,FY2023-24,9803.0,46446,0.496,,,,,0,Escorts Kubota,0.321020170013654,0.3748160881534533,0.38139339582836274,,,,,0.17586311452816472,4,0.31327319213090876,-0.005984882846838,-0.1415903518521567,-0.3079584775086505,True,-1.1787854812370837,0.5586901677249542,-1.7374756489620378
Godrej Consumer,FY2023-24,36076.0,60438,0.785,,,,0.0004,0,Godrej Consumer Products,0.31907650371150986,0.3738086858133042,0.380056795142008,,,,-0.5282740311810641,0.17586311452816472,5,0.14410621360278453,0.0268386743793433,-0.1318623251281678,-0.2392156862745098,True,-0.1327057561170202,0.2405503453598026,-0.3732561014768228
HDFC Life,FY2023-24,,4895,1.975,0.012,0.006,,,0,HDFC Life Insurance,,0.37780769583180784,0.3745531452570181,-0.21020258946279385,-0.7808352289869867,,,0.17586311452816472,5,-0.012562772566557957,-0.0088080960530333,-0.249386229234316,-0.3015873015873015,True,-1.268760680279083,-0.05408542731705341,-1.2146752529620295
Havells,FY2023-24,59517.0,146079,0.561,0.04,0.0716,,,0,Havells India,0.3173423476658142,0.36764266638700976,0.3810927762968296,-0.21003297455444814,-0.5637239918120522,,,0.17586311452816472,6,0.07803065641855299,0.0560390029248653,-0.0675051751564823,-0.1718983557548579,True,0.7979024484669321,0.11628693291270366,0.6816155155542285
Hero MotoCorp,FY2023-24,21375.0,103599,1.107,0.071,0.0646,,0.0018,0,Hero MotoCorp,0.3201640779629399,0.37070116062725667,0.3785675722319519,-0.20984518662020823,-0.5868913494374263,,-0.5190738834113368,0.17586311452816472,7,-0.010073499159808295,0.0206274994629986,-0.0890263081813345,-0.2055641421947449,True,-0.33065456783142944,-0.04940403496535416,-0.28125053286607526
ICICI Lombard,FY2023-24,,4895,0.056,,,,,0,ICICI Lombard General Insurance,,0.37780769583180784,0.3834283588110481,,,,,0.17586311452816472,3,0.31236638972367353,0.0147083170640353,-0.1586045014958542,-0.3625498007968127,True,-0.5192976406762009,0.5569848115185113,-1.0762824521947123
Indus Towers,FY2023-24,724119.0,6944953,38.95,0.077,0.002,,0.0063,0,Indus Towers,0.26817535068268994,-0.1218657368419111,0.20354688097340246,-0.20980884056841986,-0.794073719058629,,-0.4895019798657847,0.17586311452816472,7,-0.13823784716435536,0.1078438251015712,0.0682659529782128,-0.0689655172413793,True,2.4489110143294015,-0.29043324328057685,2.7393442576099782
JSW Steel,FY2023-24,46941683.0,48002762,494.384,1.981,0.004,,0.0011,0,JSW Steel,-3.1509820243407862,-3.077964426664375,-1.9027970532455074,-0.19827502680091036,-0.7874544740228079,,-0.5236739572962004,0.17586311452816472,7,-1.3521834068346317,0.0505539494566619,-0.0836303122807294,-0.2319018404907975,True,0.6230949714848097,-2.5734108555470225,3.1965058270318325
Jindal Steel,FY2023-24,18.0,19699200,190.874,,,,0.0023,0,Jindal Steel & Power,0.32174406050071225,-1.04015177705346,-0.4990888376208914,,,,-0.5157881163507199,0.17586311452816472,5,-0.3114843111992388,0.1077347107584009,0.0264913291242477,-0.0609442060085836,True,2.445433563627647,-0.6162450522577362,3.0616786158853833
LIC,FY2023-24,314.0,3930,0.087,,,,,0,Life Insurance Corporation,0.3217221625360552,0.37787717433797163,0.3832849864190861,,,,,0.17586311452816472,4,0.3146868594553194,0.0204899410660169,-0.0966075383772959,-0.3096774193548387,True,-0.33503852442428134,0.5613487472857202,-0.8963872717100014
LTIMindtree,FY2023-24,,18321,0.148,,,,,0,LTIMindtree,,0.3768410446154812,0.38300286655103205,,,,,0.17586311452816472,3,0.31190234189822597,0.0814141438088633,-0.0265785636525456,-0.0885873902633679,True,1.6066027431334313,0.5561121111011998,1.0504906320322314
LTTS,FY2023-24,247.0,17197,0.086,0.023,0.2727,,0.001,0,L&T Technology Services,0.3217271191699472,0.3769219708755103,0.38328961133495587,-0.21013595503451515,0.1018410965397668,,-0.5243311107083237,0.17586311452816472,7,0.08931083524364371,0.0422261308080383,-0.1186573655411068,-0.233009708737864,True,0.3576891782378412,0.13750073077612582,0.22018844746171537
Lupin,FY2023-24,,410755,2.652,0.634,0.2392,,0.004,0,Lupin,,0.34858640410990066,0.37142207721320447,-0.2064347154273995,-0.009031257810237853,,-0.5046165083446223,0.17586311452816472,6,0.029298185711501685,0.0254339807127651,-0.0968145380090726,-0.352622061482821,True,-0.177473041834607,0.024639380245805774,-0.20211242208041277
Marico,FY2023-24,1053.0,10765,0.174,0.119,0.6806,,0.0061,0,Marico,0.3216674916040229,0.37738506491866636,0.3828826187384188,-0.20955441820590126,1.4518361215954951,,-0.4908162866900315,0.17586311452816472,7,0.2870376723555479,0.0408594241598621,-0.0605853094020858,-0.215748031496063,True,0.3141325306450097,0.509350966459956,-0.19521843581494636
Maruti Suzuki,FY2023-24,212545.0,414612,5.122,0.309,0.0603,,0.0047,0,Maruti Suzuki,0.30602139585656063,0.34830870608060144,0.35999853501494805,-0.20840345989926956,-0.6011227262644419,,-0.5000164344597589,0.17586311452816472,7,-0.017050124163313623,0.0158844062072389,-0.1133482993452572,-0.2169448010269576,True,-0.4818159320618222,-0.06252445751256219,-0.41929147454926
Mphasis,FY2023-24,,68661,0.023,,,,,0,Mphasis,,0.3732166425426462,0.38358098103474947,,,,,0.17586311452816472,3,0.3108869127018535,0.0536877694379152,-0.1192025164270709,-0.276300578034682,True,0.722969141794126,0.5542024685281097,0.16876667326601624
Muthoot Finance,FY2023-24,992.0,21540,0.306,,,,0.0014,0,Muthoot Finance,0.3216720043602529,0.37660928159854723,0.3822721298436132,,,,-0.5217024970598303,0.17586311452816472,5,0.14694280665414955,0.0301704664567583,-0.073896930454985,-0.2945590994371482,True,-0.02652225758629216,0.24588491607410698,-0.2724071736603991
NALCO,FY2023-24,11040113.0,11492323,102.943,0.322,0.0031,0.5,,0,National Aluminium Company,-0.4949978655819736,-0.44926933743681813,-0.09241536027883317,-0.20832471012039472,-0.7904331342889275,3.4325511611855406,,0.17586311452816472,7,0.22471055257239403,0.0064323443047543,0.0314202409713192,-0.4137931034482758,True,-0.7830511165555426,0.3921369629418431,-1.1751880794973857
NMDC,FY2023-24,,116673,1.13,0.006,0.0057,,0.0013,0,NMDC Ltd,,0.36975985286602814,0.3784611991669479,-0.21023893551458223,-0.7818281157423599,,-0.5223596504719537,0.17586311452816472,6,-0.09839042252795915,-0.0022393249991265,-0.0968152443370358,-0.4576271186440678,True,-1.0594153563979,-0.21549513948613996,-0.8439202169117601
NTPC,FY2023-24,,954308,3.743,0.002,0.0006,,,0,NTPC Ltd,,0.30945142953906885,0.36637629399931876,-0.21026316621577446,-0.7987071905837039,,,0.17586311452816472,5,-0.031455903746585204,0.0144508917075701,-0.1338236683454269,-0.2182952182952183,True,-0.5275017315452812,-0.08961634150510871,-0.4378853900401725
ONGC,FY2023-24,8961199.0,9363199,133.968,0.317,0.0024,,0.0029,0,Oil & Natural Gas Corporation,-0.34120061795681633,-0.29597570535650997,-0.2359033751374991,-0.20835499849688505,-0.7927498700514648,,-0.5118451958779796,0.17586311452816472,7,-0.3157380926212843,0.004145688480801,-0.1051876408358414,-0.3212996389891697,True,-0.8559263469665016,-0.6242448243040564,-0.23168152266244524
Oracle Financial,FY2023-24,,68661,0.364,,,,,0,Oracle Financial Services,,0.3732166425426462,0.38200388472316826,,,,,0.17586311452816472,3,0.3103612139313264,0.0014600823074579,-0.1249227091670036,-0.4093959731543624,True,-0.9415160394008928,0.553213825739025,-1.494729865139918
PNB,FY2023-24,8494.0,205583,0.964,,,,,0,Punjab National Bank,0.32111700932357323,0.3633584705002006,0.37922893520132467,,,,,0.17586311452816472,4,0.3098918823883158,-0.0151930523596787,-0.0056116535548078,-0.4587813620071684,True,-1.47224786761025,0.5523311886249566,-2.0245790562352064
Paytm,FY2023-24,,6275,0.051,,,,,0,Paytm (One 97 Communications),,0.377708337968071,0.38345148339039675,,,,,0.17586311452816472,3,0.3123409786288775,0.0303476683697418,-0.1196836287792968,-0.2495755517826825,True,-0.02087487064565086,0.556937022752318,-0.5778118933979689
Persistent Systems,FY2023-24,1026.0,7518,0.02,0.023,1.16,,,0,Persistent Systems,0.32166948905350173,0.37761884389225586,0.3835948557823587,-0.21013595503451515,3.0384691566818303,,,0.17586311452816472,6,0.6811799174839327,0.0552629054350368,-0.2155329900777946,-0.2650334075723831,True,0.7731683880105414,1.250585130141018,-0.4774167421304766
Pidilite,FY2023-24,,43167,0.622,0.311,0.4998,,0.002,0,Pidilite Industries,,0.37505217107750627,0.38081065642877554,-0.20839134454867342,0.8534563703572611,,-0.5177595765870899,0.17586311452816472,6,0.17650523187599068,-0.0018145643352043,-0.1114415783612501,-0.2784588441330998,True,-1.0458783251890118,0.30148078230396946,-1.3473591074929812
PolicyBazaar,FY2023-24,,6238,0.031,,,,,0,PB Fintech (PolicyBazaar),,0.3777110019107944,0.3835439817077915,,,,,0.17586311452816472,3,0.3123726993822502,0.0106820476686824,-0.1700684406349192,-0.3740219092331768,True,-0.6476139823002158,0.5569966776266385,-1.2046106599268542
Power Grid,FY2023-24,73497.0,344369,1.422,,,,,0,Power Grid Corporation,0.31630811271343057,0.3533660933432583,0.377110723732984,,,,,0.17586311452816472,4,0.30566201107945945,0.0405174029821699,0.0137021489102732,-0.3197969543147208,True,0.3032323891070256,0.544376382559757,-0.24114399345273135
SAIL,FY2023-24,47603938.0,50050568,484.961,,,,0.0009,0,Steel Authority of India,-3.1999753911784707,-3.2254032886263126,-1.8592164710049526,,,,-0.5249882641204472,0.17586311452816472,5,-1.7267440600804036,0.0337087685497952,-0.0764563805880207,-0.2846497764530551,True,0.08624267082687369,-3.2778193679256606,3.364062038752534
SBI Life,FY2023-24,2735.0,17995,0.024,,,,0.0042,0,SBI Life Insurance,0.3215430578994514,0.3768645161108277,0.3835763561188797,,,,-0.5033022015203757,0.17586311452816472,5,0.15090896862738953,0.0190005201573778,-0.1171556516527766,-0.2331081081081081,True,-0.38250604916454634,0.2533437834997506,-0.635849832664297
Shriram Finance,FY2023-24,3963.0,24183,0.271,,,,0.0007,0,Shriram Finance,0.3214522109379688,0.3764189896899556,0.3824340018990541,,,,-0.5263025709446939,0.17586311452816472,5,0.14597314922208984,-0.0101969927782192,-0.1518398693879135,-0.4217506631299735,True,-1.313024520864397,0.24406135307218674,-1.5570858739365836
Siemens India,FY2023-24,7448.0,40350,0.056,,,,,0,Siemens India,0.32119439199597616,0.375254990716743,0.3834283588110481,,,,,0.17586311452816472,4,0.31393521401298297,0.0399772280233574,-0.035016165534546,-0.1928020565552699,True,0.28601712908698723,0.5599351833054027,-0.2739180542184155
Sun Pharma,FY2023-24,111175.0,348941,3.207,1.339,0.4176,,,0,Sun Pharmaceutical,0.313520708955497,0.35303691642079105,0.36885524890549914,-0.202164054342266,0.5814053993850109,,,0.17586311452816472,6,0.2650862223087828,0.0633587922011293,-0.1886586324770504,-0.206831119544592,True,1.0311825619320096,0.46806849821882524,0.5631140637131844
TVS Motor,FY2023-24,22693.0,22709,0.243,0.307,1.2626,,,0,TVS Motor Company,0.3200665728365278,0.37652511540817885,0.3825634995434068,-0.20841557524986565,3.3780364270194565,,,0.17586311452816472,6,0.7374398590143115,0.0708151888102293,0.0081416947394609,-0.1462333825701624,True,1.2688163217797064,1.356389040339561,-0.08757271855985471
Tata Consumer,FY2023-24,61501.0,98783,1.283,,,,0.0007,0,Tata Consumer Products,0.3171955721189237,0.37104790517200786,0.37775358703887774,,,,-0.5263025709446939,0.17586311452816472,5,0.14311152158265603,0.0886130035987922,-0.0057516410946846,-0.2066115702479339,True,1.83602885981953,0.23867970166003877,1.5973491581594912
Tata Power,FY2023-24,,954308,408.948,0.164,0.0004,,0.0008,0,Tata Power,,0.30945142953906885,-1.5076627409984489,-0.20928182281748847,-0.7993691150872859,,-0.5256454175325705,0.17586311452816472,6,-0.42610742539476004,0.0220994450292497,-0.0410797746043722,-0.1710709318497913,True,-0.2837439785029984,-0.8318082638631326,0.5480642853601342
Tata Steel,FY2023-24,56.0,56000000,542.607,,,,,0,Tata Steel,0.3217412492755198,-3.6537531828057084,-2.125824371231952,,,,,0.17586311452816472,4,-1.3204932975584942,0.0817728819649504,0.0852261016489532,-0.0327022375215146,True,1.6180356511855283,-2.513813611311993,4.131849262497521
Tech Mahindra,FY2023-24,10574.0,78662,0.114,0.108,0.9448,,,0,Tech Mahindra,0.32096313173409124,0.3724965860243621,0.38316011369060315,-0.20962105263417996,2.326238390827472,,,0.17586311452816472,6,0.5615167140284189,0.030237703751295,-0.1377515956425131,-0.2142857142857142,True,-0.024379419438004445,1.025543395505715,-1.0499228149437194
Titan,FY2023-24,3821.0,26615,0.234,,,,0.0028,0,Titan Company,0.3214627160426354,0.3762438894547324,0.38260512378623446,,,,-0.512502349290103,0.17586311452816472,5,0.1487344989043328,-0.0040195003565814,-0.1815048256061143,-0.3409090909090909,True,-1.116149163028297,0.2492544191483228,-1.3654035821766197
Torrent Pharma,FY2023-24,15294.0,91562,0.632,0.255,0.404,,,0,Torrent Pharmaceuticals,0.3206139479733437,0.37156780599377864,0.3807644072700781,-0.20873057436536485,0.5363945331414269,,,0.17586311452816472,6,0.26274553909023785,0.0636348741879658,-0.0551099377169982,-0.1788079470198675,True,1.0399812356074565,0.46366654844210103,0.5763146871653555
Vodafone Idea,FY2023-24,9342.0,349551,2.067,0.15,0.0725,,0.01,0,Vodafone Idea,0.3210542746140152,0.3529929973650813,0.374127652997002,-0.20936663027166136,-0.5607453315459328,,-0.46518730361721977,0.17586311452816472,7,-0.0016087465615072397,0.0248833377422256,-0.1564906189980154,-0.4121996303142329,True,-0.19502191514203154,-0.033485000935076545,-0.16153691420695498
