company,year,LPS_finbert,LPS_climatebert,LPS_lm,brsr_pages,principles_found,ess_pages,word_count,source_file
Adani Enterprises,FY2022-23,0.03825119041970798,-0.12155642687742199,-0.4077079107505071,23,8,7,10275,adani enterprise 2023.pdf
Adani Green Energy,FY2022-23,0.016154178923794203,-0.1379879685917071,-0.3205944798301486,26,9,13,10272,adani green 2023.pdf
Adani Ports,FY2022-23,0.03088761501166285,-0.2046763994635976,-0.3741307371349096,32,9,16,14590,adani ports 2023.pdf
Alkem Laboratories,FY2022-23,0.014276760411174858,-0.22562706927933238,-0.362962962962963,20,9,15,10034,alkem 2023.pdf
Alkem Laboratories,FY2023-24,0.03529095809374537,-0.15797762169192234,-0.35776614310645727,26,9,15,12581,alkem 2024.pdf
Angel One,FY2022-23,0.030406746559026764,-0.16133547288070366,-0.32437619961612285,14,9,9,12082,angel one 2023.pdf
Ashok Leyland,FY2022-23,0.03508216891437769,-0.14638985123485326,-0.288961038961039,28,9,14,14742,ashok leyland 2023.pdf
Ashok Leyland,FY2023-24,0.05687754675154648,-0.07584114958133016,-0.2787286063569682,34,9,13,18627,ashok leyland 2024.pdf
Asian Paints,FY2022-23,0.005295059694485231,-0.1341095120730725,-0.2707482993197279,18,9,10,16209,asianpaints 2023.pdf
Asian Paints,FY2023-24,0.010792076404466003,-0.1052693698524696,-0.24634146341463414,20,9,12,18269,asianpaints 2024.pdf
Aurobindo Pharma,FY2022-23,0.05620772759598422,0.040886215910495044,-0.19664268585131894,28,9,12,24689,aurobindo 2022-23.pdf
Aurobindo Pharma,FY2023-24,0.032080974023450504,-0.10749598147178238,-0.17374517374517376,20,9,11,16292,aurobindo 2023-24.pdf
Bharat Petroleum,FY2023-24,0.09809192292806175,0.04986533396359947,-0.2218700475435816,25,9,13,26961,bharat petroleum 2024.pdf
Bharti Airtel,FY2023-24,0.027091176458159272,-0.0934533200093678,-0.20376175548589343,14,9,11,14540,airtel 2024.pdf
Dabur India,FY2023-24,0.10661853974064191,0.040332880625057785,-0.24882629107981222,48,9,17,18783,dabur 2024.pdf
Divi's Laboratories,FY2023-24,0.043165571439792126,-0.06633299837509792,-0.31384615384615383,18,9,11,15294,divis 2024.pdf
Dr Reddy's Laboratories,FY2022-23,0.04590062606473302,-0.04752988892412463,-0.21292775665399238,12,9,10,12705,dr.reddy 2023.pdf
Dr Reddy's Laboratories,FY2023-24,0.03566103784198111,-0.14068197338333863,-0.24865831842576028,15,9,12,13186,dr.reddy 2024.pdf
Emami Ltd,FY2022-23,0.049649885708564205,-0.06644098490084473,-0.3686200378071834,26,9,14,11121,emami 2023.pdf
Emami Ltd,FY2023-24,0.07000958960412479,-0.09808597690993692,-0.3921901528013582,32,9,16,12090,emami 2024.pdf
Federal Bank,FY2022-23,0.0061879261724046754,-0.204663665008706,-0.4758909853249476,25,9,12,11017,federal bank 2023.pdf
Grasim Industries,FY2022-23,0.06414431765459586,-0.12597212990394968,-0.20909090909090908,23,9,14,20594,grasim 2023.pdf
Grasim Industries,FY2023-24,0.056382273532906355,-0.100706939490474,-0.2365038560411311,36,9,18,14562,grasim 2024.pdf
Hero MotoCorp,FY2022-23,0.045709262009371414,-0.09788120059635151,-0.28385899814471244,14,9,9,13121,hero motocorp 2023.pdf
Hero MotoCorp,FY2023-24,0.020627499462998643,-0.08902630818133452,-0.20556414219474498,16,9,11,14617,hero motocorp 2024.pdf
Hindalco Industries,FY2022-23,0.017868410902363914,-0.12600410828100783,-0.16638655462184873,13,9,7,10467,hindalco 2023.pdf
Hindalco Industries,FY2023-24,0.01271621691994369,-0.17646599598228932,-0.2088888888888889,14,9,8,11758,hindalco 2024.pdf
Hindustan Unilever,FY2022-23,0.12426706792219826,0.027573579881826172,-0.11544715447154472,25,9,14,27460,hindustan unilever 2023.pdf
Hindustan Unilever,FY2023-24,0.12739807019396773,0.03913095738422477,-0.058745874587458745,37,9,18,31522,hindustan unilever 2024.pdf
ICICI Bank,FY2022-23,0.010867098431018267,-0.19961945471269163,-0.4269870609981516,39,9,16,13181,icici 2023.pdf
ICICI Bank,FY2023-24,0.0004960244767508417,-0.21806957641229877,-0.438953488372093,47,9,16,15870,icici 2024.pdf
Infosys,FY2022-23,0.036280744532878335,-0.11679598860241272,-0.031315240083507306,32,9,14,11070,infosys 2023.pdf
JSW Steel,FY2022-23,0.03899504552510652,-0.0855723088099198,-0.22038216560509555,17,9,11,16418,jsw steel 2023.pdf
JSW Steel,FY2023-24,0.05055394945666194,-0.08363031228072941,-0.23190184049079754,17,9,10,17807,jsw steel 2024.pdf
Jindal Steel & Power,FY2022-23,0.03723989097309894,0.0039398010331587715,-0.29860228716645487,19,9,11,18294,jindal steel 2023.pdf
Jindal Steel & Power,FY2023-24,0.10773471075840094,0.026491329124247707,-0.06094420600858369,23,9,14,22034,jindal steel 2024.pdf
Kotak Mahindra Bank,FY2023-24,0.019337120626507134,-0.1286386009787434,-0.24603174603174602,30,9,15,17194,kotak bank 2024.pdf
L&T Technology Services,FY2023-24,0.04222613080803837,-0.11865736554110688,-0.23300970873786409,39,9,20,16647,l&t tech 2024.pdf
LTIMindtree,FY2022-23,0.08582619333467564,0.05679279410851603,-0.15299334811529933,30,9,14,35618,ltimindtree 2023.pdf
Life Insurance Corporation,FY2023-24,0.020489941066016957,-0.09660753837729595,-0.3096774193548387,32,9,12,14605,lic life insurance 2024.pdf
Maruti Suzuki,FY2022-23,-0.022472853857007893,-0.19982333272469766,-0.23314065510597304,12,9,9,9660,maruti suzuki 2023.pdf
Mphasis,FY2022-23,0.02910324159477438,-0.163732851356534,-0.3204104903078677,40,9,13,16790,mphasis 2023.pdf
National Aluminium Company,FY2022-23,0.001834006884541267,0.0009703866850871306,-0.5041322314049587,21,9,11,11485,nalco 2023.pdf
National Aluminium Company,FY2023-24,0.006432344304754379,0.03142024097131922,-0.41379310344827586,33,9,13,14087,nalco 2024.pdf
Oil & Natural Gas Corporation,FY2022-23,0.0317911432745556,-0.09703493723645806,-0.2951096121416526,37,9,17,14175,ongc 2023.pdf
Paytm (One 97 Communications),FY2022-23,-0.006565537037593978,-0.1905781878601937,-0.40350877192982454,44,8,12,12352,paytm 2023.pdf
Paytm (One 97 Communications),FY2023-24,0.030347668369741815,-0.11968362877929681,-0.2495755517826825,67,9,19,22641,paytm 2024.pdf
Persistent Systems,FY2022-23,0.05297435394355229,-0.10378198789394631,-0.25336927223719674,32,9,13,14673,persistent 2023.pdf
Persistent Systems,FY2023-24,0.055262905435036806,-0.2155329900777946,-0.2650334075723831,42,9,15,17629,persistent 2024.pdf
Pidilite Industries,FY2022-23,0.012635531757647792,-0.0751329717071106,-0.5416666666666666,17,9,8,6931,pidilite 2023.pdf
Pidilite Industries,FY2023-24,-0.001814564335204306,-0.1114415783612501,-0.27845884413309985,14,9,8,12366,pidilite 2024.pdf
Power Grid Corporation,FY2022-23,0.07321990233694398,-0.0047477055341005325,-0.214170692431562,13,9,6,12710,powergrid 2023.pdf
Power Grid Corporation,FY2023-24,0.04051740298216993,0.013702148910273205,-0.3197969543147208,14,9,7,13081,powergrid 2024.pdf
Shree Cement,FY2023-24,0.026773724402930285,-0.03764029944667945,-0.0599250936329588,11,9,9,10839,shree cement 2024.pdf
Siemens India,FY2022-23,0.018789528836977893,-0.15404867348742896,-0.32320441988950277,47,9,18,17240,siemen 2023.pdf
Siemens India,FY2023-24,0.039977228023357445,-0.03501616553454609,-0.1928020565552699,68,9,18,27007,siemen 2024.pdf
Sun Pharmaceutical,FY2023-24,0.06335879220112936,-0.1886586324770504,-0.20683111954459202,40,9,16,19966,sun pharma 2024.pdf
Tata Consultancy Services,FY2022-23,0.036132632865238996,-0.045002923394411296,-0.22608695652173913,38,9,16,17659,tcs 2023.pdf
Tata Consultancy Services,FY2023-24,0.02442824997540031,-0.0601095147830035,-0.1574279379157428,46,9,15,20726,tcs 2024.pdf
Torrent Pharmaceuticals,FY2023-24,0.06363487418796589,-0.05510993771699827,-0.17880794701986755,20,9,11,19896,torrent 2024.pdf
Cipla,FY2022-23,0.0044854528716076975,-0.26062139961868525,-0.34110787172011664,15,9,13,6841,cipla 2023.pdf
Infosys,FY2023-24,0.015051843511850335,-0.11303772777318954,-0.170018281535649,37,9,16,12726,infosys 2024.pdf
Indian Oil Corporation,FY2022-23,0.020979076185647177,-0.062432128607350236,-0.4174757281553398,33,9,17,15242,ioc brsr 2023.pdf
Indian Oil Corporation,FY2023-24,0.0164739828184247,-0.09091765325516463,-0.3022556390977444,33,9,17,14895,ioc brsr 2024.pdf
Reliance Industries,FY2022-23,0.0709138069232212,-0.07186367230437626,-0.29434697855750486,54,9,17,31884,reliance brsr 2023.pdf
Reliance Industries,FY2023-24,0.05641293888156478,-0.04257230519375822,-0.3088235294117647,53,9,17,33110,reliance brsr 2024.pdf
Apollo Hospitals,FY2022-23,0.03589448043041759,-0.08647065009507868,-0.4984520123839009,21,9,9,7933,apollo hospital brsr 2023.pdf
IDFC First Bank,FY2022-23,0.01284710681065917,-0.15491251151543112,-0.33962264150943394,25,9,14,11963,idfc brsr 2023.pdf
IDFC First Bank,FY2023-24,-0.012485685967365089,-0.13691610943678081,-0.30340557275541796,36,9,15,14524,idfc brsr 2024.pdf
Mphasis,FY2023-24,0.05368776943791529,-0.11920251642707093,-0.27630057803468205,47,9,16,17176,mphasis brsr 2024.pdf
ABB India,FY2022-23,0.042811050529366936,-0.05513555503546678,-0.13709677419354838,36,9,16,17169,abb 2023.pdf
ABB India,FY2023-24,0.045176535686951576,-0.1358655378285606,-0.16548463356973994,40,9,16,17548,abb 2024.pdf
ACC Ltd,FY2022-23,0.021929129456671383,-0.11647552746133162,-0.33534743202416917,19,9,7,7735,acc 2023.pdf
ACC Ltd,FY2023-24,0.0256688947854347,-0.11184526052932407,-0.19938176197836166,16,9,6,12682,acc 2024.pdf
Adani Enterprises,FY2023-24,0.07199393124564697,-0.09800029183296781,-0.18706697459584296,42,9,7,16841,adani enterprise 2024.pdf
Adani Green Energy,FY2023-24,0.02990969478831453,-0.13036181067384905,-0.3120567375886525,43,9,18,17603,adani green 2024.pdf
Adani Ports,FY2023-24,0.013837292199096983,-0.10770808606748543,-0.40189125295508277,45,9,14,18871,adani ports 2024.pdf
Ambuja Cements,FY2022-23,0.014615830765771014,-0.042813686920063834,-0.30177514792899407,19,9,7,8363,ambuja 2023.pdf
Ambuja Cements,FY2023-24,0.017383411733640566,-0.12082208179765278,-0.16792738275340394,19,9,7,13250,ambuja 2024.pdf
Angel One,FY2023-24,0.09312813173465688,-0.03194109106372143,-0.15621436716077536,35,9,16,17312,angel one 2024.pdf
Apollo Hospitals,FY2023-24,0.06662310396010677,-0.06932485022116452,-0.29738058551617874,37,9,13,14123,apollo hospital 2024.pdf
Apollo Tyres,FY2022-23,0.018117596738432582,-0.13238181884547598,-0.2701612903225806,27,9,14,11206,apollo tyre 2023.pdf
Apollo Tyres,FY2023-24,0.052664472411076226,-0.11964172701917443,-0.2340966921119593,38,9,14,15089,apollo tyre 2024.pdf
Axis Bank,FY2022-23,0.024721637328571463,-0.11939055516206204,-0.23272727272727273,32,9,14,13833,axis bank 2023.pdf
Axis Bank,FY2023-24,0.03024995587123879,-0.08976188061180813,-0.27293577981651373,43,9,12,17170,axis bank brsr 2024.pdf
BSE Ltd,FY2022-23,-0.012711249595118124,-0.2483000638569857,-0.43902439024390244,35,9,13,12854,bse brsr 2023.pdf
BSE Ltd,FY2023-24,-0.0032264224898356656,-0.26437316813434547,-0.3830104321907601,38,8,15,15548,bse brsr 2024.pdf
Bajaj Auto,FY2022-23,0.023410860488706445,-0.1454725916636117,-0.34069400630914826,38,9,16,14069,bajaj auto 2023.pdf
Bajaj Auto,FY2023-24,0.01588499192924549,-0.17613829881884158,-0.31750741839762614,38,9,17,14187,bajaj auto 2024.pdf
Bajaj Finance,FY2022-23,0.015140595198687861,-0.17548380056553978,-0.19230769230769232,38,9,15,17428,bajaj finance 2023.pdf
Bajaj Finance,FY2023-24,0.0300268447327037,-0.11081333915072103,-0.1806060606060606,43,9,15,18502,bajaj finance 2024.pdf
Bajaj Finserv,FY2022-23,0.027298301582535107,-0.1620579140053855,-0.3203125,30,9,14,13226,bajaj finserv 2023.pdf
Bajaj Finserv,FY2023-24,0.017896043698466015,-0.15607440501214967,-0.17098445595854922,42,9,16,18744,bajaj finserv 2024.pdf
Bank of Baroda,FY2022-23,0.029741494427040473,-0.054818349432642174,-0.28059332509270707,47,9,16,17577,bank of baroda 2023.pdf
Bank of Baroda,FY2023-24,0.041756044826744235,-0.08866299990126315,-0.26091586794462196,71,9,21,20207,bank of baroda brsr 2024.pdf
Bharat Petroleum,FY2022-23,0.10425556158380848,0.11242197799895491,-0.2854122621564482,54,9,18,22871,bharat petroleum 2023.pdf
Bharti Airtel,FY2022-23,0.06103772450652387,-0.05220661651757028,-0.2463295269168026,14,9,7,13463,airtel 2023.pdf
Biocon,FY2022-23,0.07984637667465469,-0.06899361482456974,-0.1855072463768116,33,9,13,13616,biocon 2023.pdf
Biocon,FY2023-24,0.07521181016722146,-0.1788430757382337,-0.23325062034739455,29,9,12,15045,biocon 2024.pdf
Bosch India,FY2022-23,0.06970472826311985,-0.024937953210125367,-0.3157894736842105,16,9,10,17812,bosch 2023.pdf
Bosch India,FY2023-24,0.05240135911911253,-0.054597479424306324,-0.3152909336941813,21,9,11,18797,bosch 2024.pdf
Britannia Industries,FY2022-23,0.04386671900968341,-0.09993080975597396,-0.41232227488151657,15,9,8,10047,britannia 2023.pdf
Britannia Industries,FY2023-24,0.015742148838791194,-0.05519210996434969,-0.3080168776371308,22,9,10,15223,britannia 2024.pdf
Central Depository Services,FY2022-23,0.0505950393747877,-0.13148686031556941,-0.1887072808320951,27,9,13,13159,cdsl brsr 2023.pdf
Central Depository Services,FY2023-24,0.018308431608602405,-0.12830136695023006,-0.2795031055900621,30,9,14,14309,cdsl brsr 2024.pdf
Cholamandalam Finance,FY2022-23,0.006639973829603857,-0.14768438848356405,-0.31020408163265306,27,9,14,10632,cholamandalam 2023.pdf
Cholamandalam Finance,FY2023-24,0.017831704579293728,-0.07362076233733784,-0.24386252045826515,33,9,13,13187,cholamandalam 2024.pdf
Cipla,FY2023-24,-0.007861437997029673,-0.24030207803532963,-0.37073170731707317,22,9,12,9238,cipla 2024.pdf
Coal India,FY2022-23,0.06670305433993538,-0.012933214552079637,-0.2138442521631644,43,9,15,17819,coal india 2023.pdf
Coal India,FY2023-24,0.05631110935161511,-0.005824617296457291,-0.21708185053380782,41,9,10,17876,coal india brsr 2024.pdf
Coforge,FY2022-23,0.028661766385828905,-0.07865375542843883,-0.21499013806706113,31,9,15,13084,coforge 2023.pdf
Coforge,FY2023-24,0.05771984156432017,-0.011051800277716708,-0.31088082901554404,39,9,16,15791,coforge 2024.pdf
Colgate-Palmolive India,FY2022-23,0.01735362372532183,-0.22484336074973857,-0.24118476727785615,35,9,14,14640,colgate 2023.pdf
Colgate-Palmolive India,FY2023-24,0.02042347216470675,-0.18696749083359132,-0.2753623188405797,39,9,14,16397,colgate 2024.pdf
Cummins India,FY2022-23,0.0279582952430775,-0.1383026633411646,-0.2607003891050584,41,9,16,12705,cummins 2023.pdf
Cummins India,FY2023-24,0.01444822977132657,-0.08135726949309602,-0.2604501607717042,48,9,16,15112,cummins 2024.pdf
Dabur India,FY2022-23,0.1435751240545263,0.06340209260169002,-0.17747077577045697,51,9,17,21356,dabur 2023.pdf
Divi's Laboratories,FY2022-23,0.007652783913439826,-0.16112478337201633,-0.4115138592750533,25,9,13,11198,divis 2023.pdf
Eicher Motors,FY2022-23,0.011878995094881502,-0.08291779345897742,-0.24427480916030533,26,9,14,12643,eicher 2023.pdf
Eicher Motors,FY2023-24,0.06635995031051013,-0.1099238725905509,-0.1887072808320951,31,9,15,13537,eicher 2024.pdf
Escorts Kubota,FY2022-23,0.015789428618378364,-0.15411974195964062,-0.178117048346056,19,9,10,15461,escorts 2023.pdf
Escorts Kubota,FY2023-24,0.02781421035927321,-0.12159305435073163,-0.20190023752969122,57,9,17,16730,escorts 2024.pdf
Federal Bank,FY2023-24,0.04316115202382207,-0.19678916949778796,-0.24129930394431554,17,9,11,17782,federal bank 2024.pdf
Godrej Consumer Products,FY2022-23,0.03542415104172331,-0.15658805358837893,-0.28547008547008546,46,9,14,13994,godrej consumer brsr 2023.pdf
Godrej Consumer Products,FY2023-24,0.0380258783698082,-0.11226582935390374,-0.21680216802168023,49,9,16,17718,godrej consumer 2024.pdf
HCL Technologies,FY2022-23,0.05477130979012985,-0.12534288965308896,-0.26947637292464877,31,9,14,15529,hcl 2023.pdf
HCL Technologies,FY2023-24,-0.00830199856024522,-0.04451136090434515,-0.3116883116883117,29,9,12,7705,hcl 2024.pdf
HDFC Bank,FY2022-23,0.019937683846436294,-0.07749872167101678,-0.1909814323607427,38,9,16,15024,hdfc 2023.pdf
HDFC Bank,FY2023-24,0.049938538865674106,-0.09191183272808318,-0.2776349614395887,49,9,19,18821,hdfc 2024.pdf
HDFC Life Insurance,FY2022-23,0.015097141647950197,-0.24236383950576568,-0.27079646017699116,25,9,14,11476,hdfc life brsr 2023.pdf
HDFC Life Insurance,FY2023-24,0.031673891116575946,-0.29545966500480625,-0.2019704433497537,36,9,14,17121,hdfc life brsr 2024.pdf
Havells India,FY2022-23,0.062288210184002914,-0.015104128435874978,-0.17706576728499157,29,9,15,14193,havells 2023.pdf
Havells India,FY2023-24,0.06898244974556668,-0.019719673738140483,-0.16556291390728478,33,9,15,17185,havells 2024.pdf
ICICI Lombard General Insurance,FY2022-23,0.10641262694844045,-0.1039623490505619,-0.20804020100502513,42,9,17,19118,icici lombard brsr 2023.pdf
ICICI Lombard General Insurance,FY2023-24,0.09554443302515306,-0.06871181855125255,-0.2905405405405405,51,9,20,22680,icici lombard brsr 2024.pdf
ITC Ltd,FY2022-23,0.07371535288615966,-0.04187925628215914,-0.1799787007454739,46,9,15,21279,itc 2023.pdf
ITC Ltd,FY2023-24,0.06730318332556635,-0.018095303187146784,-0.15377081292850148,50,9,17,23781,itc 2024.pdf
Indus Towers,FY2022-23,0.07153273411726548,-0.0463748725004873,-0.18339100346020762,40,9,16,17691,indus tower 2023.pdf
Indus Towers,FY2023-24,0.1157949496286385,-0.008778776324382334,-0.07740585774058577,21,9,12,19707,indus tower 2024.pdf
IndusInd Bank,FY2022-23,0.03308630995452404,-0.1378846321068704,-0.3059360730593607,30,9,14,14771,induslnd 2023.pdf
IndusInd Bank,FY2023-24,0.003907424004541503,-0.14951213142938083,-0.24958123953098826,29,9,17,13462,induslnd 2024.pdf
Kotak Mahindra Bank,FY2022-23,0.02757456574750983,-0.10346626476182239,-0.26495726495726496,25,9,15,13611,kotak bank 2023.pdf
L&T Technology Services,FY2022-23,0.0376289491244453,-0.08889772972845017,-0.26973684210526316,35,9,16,13883,l&t tech 2023.pdf
LTIMindtree,FY2023-24,0.12604157518418063,0.03354419210837001,-0.0819496518478843,65,9,18,31290,ltimindtree brsr 2024.pdf
Larsen & Toubro,FY2022-23,0.053020547408221375,-0.01778671403985415,-0.19310344827586207,45,9,14,20037,l&t 2023.pdf
Larsen & Toubro,FY2023-24,0.03664227661381408,-0.035337822579937735,-0.2918572735590119,47,9,17,24338,l&t 2024.pdf
Life Insurance Corporation,FY2022-23,0.01753699253110782,-0.08884904950695194,-0.3806706114398422,30,9,14,13706,lic life insurance 2023.pdf
Lupin,FY2022-23,0.1044132041458327,0.025173183888770066,-0.17059639389736478,35,9,14,15426,lupin 2023.pdf
Lupin,FY2023-24,0.06585443937392146,-0.09348373817003987,-0.2596944770857814,31,9,14,16014,lupin 2024.pdf
Mahindra & Mahindra,FY2022-23,0.034039896434626064,-0.07222597165083564,-0.3516949152542373,29,9,8,10954,mahindra 2023.pdf
Mahindra & Mahindra,FY2023-24,0.043051369206020325,-0.052476524022605386,-0.14716106604866744,24,9,13,19760,mahindra 2024.pdf
Marico,FY2022-23,0.04372031148523092,-0.09950001645953424,-0.07725321888412018,22,9,13,18397,marico 2023.pdf
Marico,FY2023-24,0.04073705840560179,-0.1290460524134456,-0.16319824753559695,23,9,13,18772,marico 2024.pdf
Maruti Suzuki,FY2023-24,0.027989509720670974,-0.1308671572577145,-0.20819848975188782,21,9,11,17527,maruti suzuki 2024.pdf
Muthoot Finance,FY2022-23,0.053486646711826326,-0.11232817270275619,-0.27014218009478674,33,9,15,13387,muthoot finance 2023.pdf
Muthoot Finance,FY2023-24,0.057735439123851914,-0.061669979244470596,-0.22493224932249323,36,9,13,14691,muthoot finance 2024.pdf
NMDC Ltd,FY2022-23,0.01775686876119479,-0.11298936662142692,-0.40468227424749165,36,9,13,13721,nmdc 2023.pdf
NMDC Ltd,FY2023-24,0.013427351337839972,-0.11623678372223985,-0.34323922734026746,46,9,16,15867,nmdc 2024.pdf
NTPC Ltd,FY2022-23,0.02999730408191681,-0.15727336103604597,-0.11304347826086956,40,9,15,13146,ntpc 2023.pdf
NTPC Ltd,FY2023-24,0.013479895929389812,-0.17289317692530917,-0.20141342756183744,20,9,10,13816,ntpc 2024.pdf
Nestle India,FY2023-24,0.06550154976289847,-0.00777196054528842,-0.2023121387283237,55,9,18,25994,nestle 2024.pdf
Oil & Natural Gas Corporation,FY2023-24,0.0440345326748987,-0.10467968452721835,-0.22077922077922077,46,9,16,17746,ongc 2024.pdf
Oracle Financial Services,FY2022-23,0.005876076718171437,-0.1842085702965657,-0.3695652173913043,19,9,7,8734,oracle brsr 2023.pdf
Oracle Financial Services,FY2023-24,0.016816287555477837,-0.12092355113815177,-0.29528535980148884,22,9,7,9856,oracle brsr 2024.pdf
PB Fintech (PolicyBazaar),FY2022-23,0.027561852489324176,-0.08150561575723045,-0.46747967479674796,23,9,9,9930,policy bazaar 2023.pdf
PB Fintech (PolicyBazaar),FY2023-24,0.02889634368523043,-0.10870921860772129,-0.3383233532934132,15,9,9,14560,policy bazaar 2024.pdf
Punjab National Bank,FY2022-23,0.03440830833597543,0.003530708256445519,-0.41935483870967744,49,9,14,21849,pnb 2023.pdf
Punjab National Bank,FY2023-24,0.013580908664526084,0.0273141296277953,-0.3314037626628075,54,9,15,34891,pnb 2024.pdf
SBI Life Insurance,FY2022-23,0.08136999793350697,0.020036926935032263,-0.10049019607843138,38,9,13,17672,sbi life 2023.pdf
SBI Life Insurance,FY2023-24,0.10235567525799932,-0.0774411693825547,-0.09826589595375723,36,9,13,17144,sbi life 2024.pdf
Shree Cement,FY2022-23,0.027531848513874514,-0.11686193384230137,-0.07724425887265135,17,9,10,8456,shree cement 2023.pdf
Shriram Finance,FY2022-23,0.04070883016619417,-0.16058605893825492,-0.27419354838709675,29,9,10,10677,shriram 2023.pdf
Shriram Finance,FY2023-24,0.0365609132581287,-0.15240992435978518,-0.28888888888888886,35,9,12,13301,shriram 2024.pdf
State Bank of India,FY2022-23,-0.0011732386933131652,-0.12776358425617218,-0.013888888888888888,8,9,4,3106,SBI 2023.pdf
State Bank of India,FY2023-24,0.003987127041909844,-0.13603364118898753,-0.42328042328042326,31,9,16,18914,SBI 2024.pdf
Steel Authority of India,FY2022-23,0.024822004110767293,-0.032772153644607616,-0.27771156138259834,33,9,17,19223,SAIL 2023.pdf
Steel Authority of India,FY2023-24,0.028135817407840682,-0.0786649001041247,-0.29927007299270075,35,9,16,18481,SAIL 2024.pdf
Sun Pharmaceutical,FY2022-23,0.04233041095236937,-0.22600322347461133,-0.18406889128094725,35,9,16,16813,sun pharma 2023.pdf
TVS Motor Company,FY2022-23,0.0009408003057945858,-0.1141110028944571,-0.4081237911025145,18,9,13,13029,tvs motors 2023.pdf
TVS Motor Company,FY2023-24,0.03870060171691641,-0.04460414631232139,-0.17557251908396945,24,9,13,18550,tvs motors 2024.pdf
Tata Consumer Products,FY2022-23,0.08085986184887588,-0.05362720109988004,-0.23104693140794225,28,9,8,11999,tata consumers 2023.pdf
Tata Consumer Products,FY2023-24,0.11032047122716904,-0.015157413497871282,-0.19136690647482013,37,9,8,14448,tata consumers 2024.pdf
Tata Motors,FY2022-23,0.010969096566645466,-0.10975833434839638,-0.27102803738317754,33,9,15,14490,tata motors 2023.pdf
Tata Motors,FY2023-24,0.03532467805151198,-0.1274079042990264,-0.2198852772466539,42,9,16,22093,tata motors 2024.pdf
Tata Power,FY2022-23,0.02168355913738073,-0.14610151114668382,-0.14388489208633093,36,9,17,17595,tata power 2023.pdf
Tata Power,FY2023-24,0.027195387124789482,-0.08437809462405065,-0.11608093716719915,40,9,18,19789,tata power 2024.pdf
Tata Steel,FY2022-23,0.12780780757010793,0.11512689702973074,-0.0064516129032258064,84,9,16,43914,tata steel 2023.pdf
Tata Steel,FY2023-24,0.11354757456792344,0.10492090515711967,-0.036873968079251515,77,9,18,41620,tata steel 2024.pdf
Tech Mahindra,FY2022-23,0.025165200233459473,-0.10966238854452967,-0.18045112781954886,28,9,16,11702,tech mahindra 2023.pdf
Tech Mahindra,FY2023-24,0.05826520826667547,-0.09768298355629668,-0.09915014164305949,34,9,17,14373,tech mahindra 2024.pdf
Titan Company,FY2022-23,0.005812988252095554,-0.14059112293888693,-0.27808471454880296,35,9,16,13568,titan 2023.pdf
Titan Company,FY2023-24,0.012928557325283,-0.14910144429525424,-0.29829545454545453,46,9,16,17323,titan 2024.pdf
Torrent Pharmaceuticals,FY2022-23,0.07323442322630731,-0.08710482778648536,-0.06651108518086347,20,9,12,18627,torrent 2023.pdf
UltraTech Cement,FY2022-23,0.022616863412701565,-0.11985406526566847,-0.2769485903814262,34,9,14,13720,ultratech cement 2023.pdf
UltraTech Cement,FY2023-24,0.03398486442279582,-0.10721038101131425,-0.24675324675324675,19,9,12,15040,ultratech cement 2024.pdf
Vedanta Ltd,FY2022-23,0.059291956065730615,-0.11339724566787482,-0.32439024390243903,33,9,8,16275,vedanta 2023.pdf
Vedanta Ltd,FY2023-24,0.07244784683807866,-0.09472544414533692,-0.2933233308327082,27,9,15,27068,vedanta 2024.pdf
Vodafone Idea,FY2022-23,0.022961202185027875,-0.1511935293316268,-0.3593314763231198,39,9,16,15323,vodafone idea 2023.pdf
Vodafone Idea,FY2023-24,0.038915612349479364,-0.16135582581547828,-0.3493064312736444,43,9,16,17382,vodafone idea 2024.pdf
Wipro,FY2022-23,0.06355757876596552,-0.09863461244930612,-0.028481012658227847,31,9,15,13836,wipro 2023.pdf
Wipro,FY2023-24,0.05473655476322714,-0.03934267602579774,-0.050359712230215826,39,9,17,15874,wipro 2024.pdf
