company,year,dominant_topic,topic_label,dominant_topic_share,distinctive_topic,distinctive_topic_label,distinctive_topic_lift,n_passages,topic_0_share,topic_1_share,topic_2_share,topic_3_share,topic_4_share,topic_5_share,topic_6_share,topic_7_share
ABB India,FY2022-23,0,"Workforce composition, wages & human rights",0.2021,7,Stakeholder engagement & community development,1.42,65,0.2021,0.0997,0.1233,0.0991,0.0816,0.1009,0.0925,0.2008
ABB India,FY2023-24,0,"Workforce composition, wages & human rights",0.2139,3,"Energy, water & emissions (assured metrics)",1.16,65,0.2139,0.1173,0.1309,0.1064,0.0744,0.1220,0.0975,0.1376
ACC Ltd,FY2022-23,0,"Workforce composition, wages & human rights",0.2262,4,Public policy advocacy & industry associations,1.75,27,0.2262,0.1044,0.1050,0.0756,0.1602,0.1131,0.1345,0.0810
ACC Ltd,FY2023-24,0,"Workforce composition, wages & human rights",0.1976,3,"Energy, water & emissions (assured metrics)",1.29,46,0.1976,0.1456,0.1353,0.1189,0.1089,0.0901,0.0876,0.1160
Adani Enterprises,FY2022-23,0,"Workforce composition, wages & human rights",0.3014,0,"Workforce composition, wages & human rights",1.46,39,0.3014,0.0671,0.1414,0.1023,0.0898,0.1059,0.0333,0.1588
Adani Enterprises,FY2023-24,0,"Workforce composition, wages & human rights",0.2103,5,Health & safety management systems,1.30,64,0.2103,0.1185,0.1366,0.0877,0.0843,0.1411,0.0693,0.1522
Adani Green Energy,FY2022-23,0,"Workforce composition, wages & human rights",0.2902,0,"Workforce composition, wages & human rights",1.41,39,0.2902,0.0701,0.1318,0.1121,0.0805,0.0820,0.0864,0.1469
Adani Green Energy,FY2023-24,0,"Workforce composition, wages & human rights",0.2161,2,"Waste, packaging & circularity",1.19,67,0.2161,0.1055,0.1538,0.1014,0.0841,0.1132,0.0841,0.1418
Adani Ports,FY2022-23,0,"Workforce composition, wages & human rights",0.2601,4,Public policy advocacy & industry associations,1.33,56,0.2601,0.0639,0.1243,0.0909,0.1221,0.0708,0.0894,0.1784
Adani Ports,FY2023-24,0,"Workforce composition, wages & human rights",0.2214,4,Public policy advocacy & industry associations,1.88,71,0.2214,0.0855,0.1135,0.0729,0.1723,0.0864,0.0908,0.1572
Alkem Laboratories,FY2022-23,0,"Workforce composition, wages & human rights",0.2433,0,"Workforce composition, wages & human rights",1.18,37,0.2433,0.0933,0.1249,0.1023,0.0626,0.1245,0.1098,0.1394
Alkem Laboratories,FY2023-24,0,"Workforce composition, wages & human rights",0.2435,3,"Energy, water & emissions (assured metrics)",1.48,47,0.2435,0.0944,0.1810,0.1362,0.0497,0.0610,0.1010,0.1332
Ambuja Cements,FY2022-23,0,"Workforce composition, wages & human rights",0.2069,4,Public policy advocacy & industry associations,1.79,30,0.2069,0.1138,0.0936,0.0667,0.1635,0.1063,0.1446,0.1047
Ambuja Cements,FY2023-24,0,"Workforce composition, wages & human rights",0.1965,3,"Energy, water & emissions (assured metrics)",1.23,48,0.1965,0.1560,0.1337,0.1130,0.1107,0.0821,0.0837,0.1243
Angel One,FY2022-23,0,"Workforce composition, wages & human rights",0.2464,0,"Workforce composition, wages & human rights",1.20,45,0.2464,0.1501,0.0816,0.0825,0.0843,0.0878,0.1132,0.1540
Angel One,FY2023-24,0,"Workforce composition, wages & human rights",0.2334,7,Stakeholder engagement & community development,1.28,67,0.2334,0.1388,0.0875,0.0992,0.0764,0.0855,0.0985,0.1808
Apollo Hospitals,FY2022-23,0,"Workforce composition, wages & human rights",0.2479,7,Stakeholder engagement & community development,1.39,29,0.2479,0.1008,0.1205,0.0839,0.0858,0.0789,0.0860,0.1963
Apollo Hospitals,FY2023-24,0,"Workforce composition, wages & human rights",0.1952,1,"Customers, product responsibility & data security",1.31,53,0.1952,0.1685,0.1095,0.1034,0.0917,0.1121,0.0971,0.1225
Apollo Tyres,FY2022-23,0,"Workforce composition, wages & human rights",0.2456,0,"Workforce composition, wages & human rights",1.19,40,0.2456,0.0949,0.0994,0.1020,0.0922,0.1157,0.0992,0.1510
Apollo Tyres,FY2023-24,0,"Workforce composition, wages & human rights",0.2199,3,"Energy, water & emissions (assured metrics)",1.22,55,0.2199,0.1372,0.1142,0.1118,0.0786,0.0972,0.1068,0.1343
Ashok Leyland,FY2022-23,0,"Workforce composition, wages & human rights",0.1783,4,Public policy advocacy & industry associations,1.37,53,0.1783,0.1376,0.1057,0.1153,0.1255,0.1029,0.1044,0.1303
Ashok Leyland,FY2023-24,0,"Workforce composition, wages & human rights",0.2005,3,"Energy, water & emissions (assured metrics)",1.25,68,0.2005,0.1161,0.1434,0.1149,0.1002,0.1062,0.0992,0.1195
Asian Paints,FY2022-23,0,"Workforce composition, wages & human rights",0.2287,5,Health & safety management systems,1.34,63,0.2287,0.1067,0.1470,0.0692,0.1095,0.1456,0.1061,0.0872
Asian Paints,FY2023-24,0,"Workforce composition, wages & human rights",0.2110,3,"Energy, water & emissions (assured metrics)",1.20,70,0.2110,0.1035,0.1411,0.1100,0.1086,0.1217,0.1156,0.0887
Aurobindo Pharma,FY2022-23,4,Public policy advocacy & industry associations,0.2375,4,Public policy advocacy & industry associations,2.60,87,0.1486,0.0828,0.1324,0.0541,0.2375,0.1396,0.0992,0.1057
Aurobindo Pharma,FY2023-24,0,"Workforce composition, wages & human rights",0.1865,5,Health & safety management systems,1.51,61,0.1865,0.0983,0.1106,0.0958,0.1177,0.1635,0.1013,0.1263
Axis Bank,FY2022-23,0,"Workforce composition, wages & human rights",0.2217,6,Business ethics & anti-corruption,1.42,53,0.2217,0.1640,0.1080,0.0895,0.0812,0.0901,0.1466,0.0989
Axis Bank,FY2023-24,0,"Workforce composition, wages & human rights",0.1986,6,Business ethics & anti-corruption,1.61,69,0.1986,0.1644,0.0922,0.1033,0.0652,0.1220,0.1671,0.0872
BSE Ltd,FY2022-23,0,"Workforce composition, wages & human rights",0.2349,1,"Customers, product responsibility & data security",1.63,47,0.2349,0.2090,0.1012,0.0743,0.0798,0.0926,0.1239,0.0843
BSE Ltd,FY2023-24,0,"Workforce composition, wages & human rights",0.2310,1,"Customers, product responsibility & data security",1.38,57,0.2310,0.1775,0.0919,0.0918,0.0866,0.0966,0.1036,0.1210
Bajaj Auto,FY2022-23,0,"Workforce composition, wages & human rights",0.2089,2,"Waste, packaging & circularity",1.31,54,0.2089,0.1532,0.1683,0.0954,0.0778,0.1030,0.0806,0.1129
Bajaj Auto,FY2023-24,0,"Workforce composition, wages & human rights",0.2112,5,Health & safety management systems,1.27,55,0.2112,0.1450,0.1456,0.1033,0.0852,0.1375,0.0819,0.0902
Bajaj Finance,FY2022-23,0,"Workforce composition, wages & human rights",0.2323,1,"Customers, product responsibility & data security",1.18,67,0.2323,0.1515,0.0812,0.0832,0.0775,0.1272,0.0940,0.1530
Bajaj Finance,FY2023-24,0,"Workforce composition, wages & human rights",0.2402,1,"Customers, product responsibility & data security",1.27,69,0.2402,0.1628,0.0765,0.0927,0.0666,0.0863,0.1121,0.1628
Bajaj Finserv,FY2022-23,0,"Workforce composition, wages & human rights",0.2445,7,Stakeholder engagement & community development,1.21,50,0.2445,0.1545,0.0818,0.0609,0.0800,0.1077,0.0999,0.1708
Bajaj Finserv,FY2023-24,0,"Workforce composition, wages & human rights",0.1948,5,Health & safety management systems,1.76,71,0.1948,0.1569,0.0735,0.0845,0.0601,0.1909,0.1110,0.1282
Bank of Baroda,FY2022-23,1,"Customers, product responsibility & data security",0.2449,1,"Customers, product responsibility & data security",1.91,65,0.2144,0.2449,0.0941,0.0773,0.0855,0.0638,0.1045,0.1154
Bank of Baroda,FY2023-24,1,"Customers, product responsibility & data security",0.2463,1,"Customers, product responsibility & data security",1.92,76,0.1899,0.2463,0.0977,0.0858,0.0777,0.0588,0.1289,0.1150
Bharat Petroleum,FY2022-23,2,"Waste, packaging & circularity",0.2994,2,"Waste, packaging & circularity",2.33,87,0.1695,0.0771,0.2994,0.0519,0.0951,0.1201,0.0785,0.1084
Bharat Petroleum,FY2023-24,2,"Waste, packaging & circularity",0.2771,2,"Waste, packaging & circularity",2.15,104,0.1399,0.1178,0.2771,0.0595,0.0908,0.1227,0.0734,0.1186
Bharti Airtel,FY2022-23,0,"Workforce composition, wages & human rights",0.1767,4,Public policy advocacy & industry associations,1.29,50,0.1767,0.1481,0.1275,0.0568,0.1177,0.1240,0.0878,0.1615
Bharti Airtel,FY2023-24,0,"Workforce composition, wages & human rights",0.1838,4,Public policy advocacy & industry associations,1.35,55,0.1838,0.1363,0.1158,0.0837,0.1238,0.1224,0.1042,0.1300
Biocon,FY2022-23,7,Stakeholder engagement & community development,0.2136,7,Stakeholder engagement & community development,1.51,52,0.1896,0.1314,0.0990,0.0314,0.1265,0.1184,0.0901,0.2136
Biocon,FY2023-24,0,"Workforce composition, wages & human rights",0.1931,4,Public policy advocacy & industry associations,1.49,57,0.1931,0.1301,0.0882,0.0315,0.1367,0.1062,0.1319,0.1823
Bosch India,FY2022-23,0,"Workforce composition, wages & human rights",0.1843,2,"Waste, packaging & circularity",1.34,66,0.1843,0.1384,0.1728,0.0770,0.0826,0.1142,0.0763,0.1543
Bosch India,FY2023-24,0,"Workforce composition, wages & human rights",0.2003,2,"Waste, packaging & circularity",1.26,69,0.2003,0.1289,0.1624,0.1089,0.0663,0.1050,0.0969,0.1313
Britannia Industries,FY2022-23,0,"Workforce composition, wages & human rights",0.2260,4,Public policy advocacy & industry associations,1.18,36,0.2260,0.1265,0.1489,0.0729,0.1083,0.1262,0.0887,0.1026
Britannia Industries,FY2023-24,0,"Workforce composition, wages & human rights",0.2032,5,Health & safety management systems,1.25,56,0.2032,0.1131,0.1251,0.1016,0.1025,0.1357,0.0985,0.1204
Central Depository Services,FY2022-23,0,"Workforce composition, wages & human rights",0.2183,1,"Customers, product responsibility & data security",1.39,50,0.2183,0.1787,0.0723,0.0896,0.0759,0.0850,0.1096,0.1705
Central Depository Services,FY2023-24,0,"Workforce composition, wages & human rights",0.2184,6,Business ethics & anti-corruption,1.73,51,0.2184,0.1268,0.0820,0.0766,0.0809,0.0799,0.1797,0.1557
Cholamandalam Finance,FY2022-23,0,"Workforce composition, wages & human rights",0.2164,1,"Customers, product responsibility & data security",1.45,39,0.2164,0.1857,0.0997,0.1004,0.1073,0.0665,0.1146,0.1093
Cholamandalam Finance,FY2023-24,0,"Workforce composition, wages & human rights",0.2191,1,"Customers, product responsibility & data security",1.35,49,0.2191,0.1736,0.0972,0.1134,0.0933,0.0626,0.1319,0.1090
Cipla,FY2022-23,3,"Energy, water & emissions (assured metrics)",0.2143,3,"Energy, water & emissions (assured metrics)",2.33,25,0.1695,0.1019,0.1455,0.2143,0.0694,0.0448,0.1603,0.0944
Cipla,FY2023-24,6,Business ethics & anti-corruption,0.1701,3,"Energy, water & emissions (assured metrics)",1.76,34,0.1603,0.1396,0.1068,0.1616,0.1033,0.1058,0.1701,0.0526
Coal India,FY2022-23,0,"Workforce composition, wages & human rights",0.2002,4,Public policy advocacy & industry associations,1.42,68,0.2002,0.1047,0.1780,0.0842,0.1297,0.0876,0.0907,0.1248
Coal India,FY2023-24,0,"Workforce composition, wages & human rights",0.2133,4,Public policy advocacy & industry associations,1.28,68,0.2133,0.1000,0.1643,0.0904,0.1175,0.0843,0.1068,0.1234
Coforge,FY2022-23,0,"Workforce composition, wages & human rights",0.2018,3,"Energy, water & emissions (assured metrics)",1.29,46,0.2018,0.1024,0.1628,0.1184,0.0816,0.0944,0.0944,0.1442
Coforge,FY2023-24,0,"Workforce composition, wages & human rights",0.1931,2,"Waste, packaging & circularity",1.40,61,0.1931,0.1022,0.1807,0.0848,0.0796,0.1126,0.0993,0.1478
Colgate-Palmolive India,FY2022-23,0,"Workforce composition, wages & human rights",0.2237,3,"Energy, water & emissions (assured metrics)",1.18,55,0.2237,0.1353,0.1186,0.1084,0.0725,0.0968,0.1100,0.1346
Colgate-Palmolive India,FY2023-24,0,"Workforce composition, wages & human rights",0.2043,5,Health & safety management systems,1.38,62,0.2043,0.1243,0.1241,0.1077,0.0700,0.1496,0.0982,0.1218
Cummins India,FY2022-23,0,"Workforce composition, wages & human rights",0.2287,3,"Energy, water & emissions (assured metrics)",1.22,45,0.2287,0.1069,0.1179,0.1125,0.1017,0.0800,0.1136,0.1388
Cummins India,FY2023-24,0,"Workforce composition, wages & human rights",0.2229,3,"Energy, water & emissions (assured metrics)",1.66,53,0.2229,0.0964,0.1042,0.1525,0.0831,0.0786,0.1157,0.1466
Dabur India,FY2022-23,0,"Workforce composition, wages & human rights",0.2010,2,"Waste, packaging & circularity",1.53,80,0.2010,0.1251,0.1970,0.0808,0.0715,0.0680,0.0789,0.1777
Dabur India,FY2023-24,0,"Workforce composition, wages & human rights",0.2499,2,"Waste, packaging & circularity",1.63,71,0.2499,0.0695,0.2091,0.0932,0.0543,0.0494,0.1046,0.1700
Divi's Laboratories,FY2022-23,0,"Workforce composition, wages & human rights",0.2168,2,"Waste, packaging & circularity",1.43,40,0.2168,0.0974,0.1845,0.1028,0.0767,0.1009,0.1187,0.1022
Divi's Laboratories,FY2023-24,0,"Workforce composition, wages & human rights",0.1814,5,Health & safety management systems,1.42,56,0.1814,0.1163,0.1590,0.1093,0.0781,0.1538,0.1056,0.0964
Dr Reddy's Laboratories,FY2022-23,0,"Workforce composition, wages & human rights",0.2157,7,Stakeholder engagement & community development,1.47,47,0.2157,0.0683,0.1114,0.1134,0.0724,0.1038,0.1071,0.2078
Dr Reddy's Laboratories,FY2023-24,0,"Workforce composition, wages & human rights",0.2133,7,Stakeholder engagement & community development,1.42,50,0.2133,0.0780,0.1088,0.1185,0.0735,0.0748,0.1318,0.2011
Eicher Motors,FY2022-23,0,"Workforce composition, wages & human rights",0.2612,0,"Workforce composition, wages & human rights",1.27,47,0.2612,0.1092,0.1291,0.0600,0.1015,0.0899,0.1185,0.1305
Eicher Motors,FY2023-24,0,"Workforce composition, wages & human rights",0.2369,1,"Customers, product responsibility & data security",1.26,51,0.2369,0.1613,0.1220,0.0854,0.0839,0.0798,0.1090,0.1216
Emami Ltd,FY2022-23,0,"Workforce composition, wages & human rights",0.2448,7,Stakeholder engagement & community development,1.35,41,0.2448,0.0823,0.1623,0.0969,0.0623,0.0756,0.0855,0.1903
Emami Ltd,FY2023-24,0,"Workforce composition, wages & human rights",0.2461,3,"Energy, water & emissions (assured metrics)",1.41,45,0.2461,0.0881,0.1475,0.1293,0.0526,0.0851,0.0982,0.1530
Escorts Kubota,FY2022-23,0,"Workforce composition, wages & human rights",0.2239,1,"Customers, product responsibility & data security",1.35,57,0.2239,0.1731,0.1276,0.1051,0.0801,0.0889,0.0883,0.1130
Escorts Kubota,FY2023-24,0,"Workforce composition, wages & human rights",0.2141,1,"Customers, product responsibility & data security",1.35,62,0.2141,0.1736,0.1145,0.1093,0.0802,0.0845,0.1067,0.1171
Federal Bank,FY2022-23,0,"Workforce composition, wages & human rights",0.2643,0,"Workforce composition, wages & human rights",1.28,42,0.2643,0.1556,0.1165,0.1057,0.0562,0.0798,0.1130,0.1090
Federal Bank,FY2023-24,1,"Customers, product responsibility & data security",0.2266,1,"Customers, product responsibility & data security",1.76,68,0.1983,0.2266,0.0992,0.0858,0.0672,0.1066,0.1095,0.1068
Godrej Consumer Products,FY2022-23,0,"Workforce composition, wages & human rights",0.2423,5,Health & safety management systems,1.24,50,0.2423,0.1207,0.1094,0.1024,0.1027,0.1352,0.0819,0.1053
Godrej Consumer Products,FY2023-24,0,"Workforce composition, wages & human rights",0.2028,3,"Energy, water & emissions (assured metrics)",1.34,64,0.2028,0.1266,0.1295,0.1229,0.0938,0.1105,0.0868,0.1271
Grasim Industries,FY2022-23,0,"Workforce composition, wages & human rights",0.2033,2,"Waste, packaging & circularity",1.26,81,0.2033,0.1433,0.1620,0.0762,0.0835,0.1039,0.0607,0.1672
Grasim Industries,FY2023-24,0,"Workforce composition, wages & human rights",0.2295,3,"Energy, water & emissions (assured metrics)",1.26,57,0.2295,0.1264,0.1517,0.1155,0.0692,0.0702,0.0950,0.1424
HCL Technologies,FY2022-23,0,"Workforce composition, wages & human rights",0.1912,5,Health & safety management systems,1.51,61,0.1912,0.1197,0.1045,0.0787,0.0720,0.1640,0.1132,0.1566
HCL Technologies,FY2023-24,7,Stakeholder engagement & community development,0.5995,7,Stakeholder engagement & community development,4.24,54,0.1031,0.0499,0.0389,0.0716,0.0504,0.0380,0.0485,0.5995
HDFC Bank,FY2022-23,0,"Workforce composition, wages & human rights",0.1740,4,Public policy advocacy & industry associations,1.54,57,0.1740,0.1693,0.0991,0.0788,0.1404,0.0818,0.1170,0.1396
HDFC Bank,FY2023-24,1,"Customers, product responsibility & data security",0.2236,1,"Customers, product responsibility & data security",1.74,71,0.1762,0.2236,0.1176,0.1165,0.0563,0.0660,0.1165,0.1274
HDFC Life Insurance,FY2022-23,0,"Workforce composition, wages & human rights",0.2677,1,"Customers, product responsibility & data security",1.31,45,0.2677,0.1685,0.0837,0.0644,0.0666,0.0869,0.1198,0.1424
HDFC Life Insurance,FY2023-24,0,"Workforce composition, wages & human rights",0.2149,1,"Customers, product responsibility & data security",1.61,66,0.2149,0.2069,0.0719,0.0808,0.0485,0.1049,0.1144,0.1577
Havells India,FY2022-23,0,"Workforce composition, wages & human rights",0.2579,0,"Workforce composition, wages & human rights",1.25,52,0.2579,0.1233,0.1572,0.0956,0.0566,0.1067,0.0918,0.1107
Havells India,FY2023-24,0,"Workforce composition, wages & human rights",0.2265,3,"Energy, water & emissions (assured metrics)",1.62,63,0.2265,0.1103,0.1562,0.1485,0.0610,0.1016,0.0936,0.1024
Hero MotoCorp,FY2022-23,0,"Workforce composition, wages & human rights",0.2363,3,"Energy, water & emissions (assured metrics)",1.27,47,0.2363,0.1132,0.1605,0.1165,0.0894,0.0904,0.0959,0.0977
Hero MotoCorp,FY2023-24,0,"Workforce composition, wages & human rights",0.2039,3,"Energy, water & emissions (assured metrics)",1.35,54,0.2039,0.1235,0.1412,0.1244,0.0915,0.1357,0.0922,0.0875
Hindalco Industries,FY2022-23,0,"Workforce composition, wages & human rights",0.1892,4,Public policy advocacy & industry associations,1.59,40,0.1892,0.1164,0.1131,0.0896,0.1456,0.1242,0.1291,0.0929
Hindalco Industries,FY2023-24,0,"Workforce composition, wages & human rights",0.2094,4,Public policy advocacy & industry associations,1.61,44,0.2094,0.1150,0.1293,0.0763,0.1472,0.1107,0.1372,0.0750
Hindustan Unilever,FY2022-23,7,Stakeholder engagement & community development,0.2078,7,Stakeholder engagement & community development,1.47,107,0.1715,0.1306,0.1739,0.0694,0.0609,0.1353,0.0507,0.2078
Hindustan Unilever,FY2023-24,7,Stakeholder engagement & community development,0.2168,7,Stakeholder engagement & community development,1.53,122,0.1646,0.1226,0.1746,0.0636,0.0581,0.1368,0.0629,0.2168
ICICI Bank,FY2022-23,0,"Workforce composition, wages & human rights",0.2509,1,"Customers, product responsibility & data security",1.51,48,0.2509,0.1943,0.0925,0.1000,0.0908,0.0916,0.1085,0.0716
ICICI Bank,FY2023-24,0,"Workforce composition, wages & human rights",0.2425,1,"Customers, product responsibility & data security",1.48,58,0.2425,0.1904,0.0957,0.1160,0.0830,0.0931,0.1136,0.0656
ICICI Lombard General Insurance,FY2022-23,0,"Workforce composition, wages & human rights",0.2114,1,"Customers, product responsibility & data security",1.52,76,0.2114,0.1949,0.0835,0.0746,0.0687,0.0860,0.1033,0.1777
ICICI Lombard General Insurance,FY2023-24,0,"Workforce composition, wages & human rights",0.2314,1,"Customers, product responsibility & data security",1.30,89,0.2314,0.1670,0.1010,0.0825,0.0461,0.0869,0.1304,0.1547
IDFC First Bank,FY2022-23,0,"Workforce composition, wages & human rights",0.2282,6,Business ethics & anti-corruption,1.46,44,0.2282,0.1629,0.1025,0.1130,0.0563,0.0731,0.1517,0.1123
IDFC First Bank,FY2023-24,0,"Workforce composition, wages & human rights",0.2073,1,"Customers, product responsibility & data security",1.56,54,0.2073,0.2006,0.0830,0.1126,0.0771,0.0702,0.1423,0.1069
ITC Ltd,FY2022-23,7,Stakeholder engagement & community development,0.1911,7,Stakeholder engagement & community development,1.35,83,0.1877,0.1215,0.1522,0.0680,0.0692,0.1289,0.0815,0.1911
ITC Ltd,FY2023-24,7,Stakeholder engagement & community development,0.1945,7,Stakeholder engagement & community development,1.38,92,0.1712,0.1211,0.1543,0.0810,0.0652,0.1246,0.0880,0.1945
Indian Oil Corporation,FY2022-23,2,"Waste, packaging & circularity",0.2142,2,"Waste, packaging & circularity",1.66,58,0.2001,0.1050,0.2142,0.0730,0.0952,0.0756,0.1143,0.1226
Indian Oil Corporation,FY2023-24,0,"Workforce composition, wages & human rights",0.2152,2,"Waste, packaging & circularity",1.46,55,0.2152,0.0793,0.1885,0.1167,0.0693,0.0702,0.1207,0.1401
Indus Towers,FY2022-23,7,Stakeholder engagement & community development,0.2069,7,Stakeholder engagement & community development,1.46,67,0.1967,0.1260,0.1510,0.0355,0.0632,0.1032,0.1175,0.2069
Indus Towers,FY2023-24,7,Stakeholder engagement & community development,0.2233,7,Stakeholder engagement & community development,1.58,74,0.1901,0.1038,0.1246,0.0634,0.0677,0.1041,0.1231,0.2233
IndusInd Bank,FY2022-23,0,"Workforce composition, wages & human rights",0.1963,5,Health & safety management systems,1.53,53,0.1963,0.1679,0.1010,0.0896,0.0773,0.1661,0.1082,0.0935
IndusInd Bank,FY2023-24,0,"Workforce composition, wages & human rights",0.2254,1,"Customers, product responsibility & data security",1.34,49,0.2254,0.1719,0.0721,0.1102,0.0686,0.0901,0.1324,0.1293
Infosys,FY2022-23,0,"Workforce composition, wages & human rights",0.2505,3,"Energy, water & emissions (assured metrics)",1.56,41,0.2505,0.0905,0.0971,0.1432,0.0697,0.0808,0.1223,0.1459
Infosys,FY2023-24,0,"Workforce composition, wages & human rights",0.2260,3,"Energy, water & emissions (assured metrics)",1.46,46,0.2260,0.0848,0.1236,0.1339,0.0644,0.0874,0.1385,0.1415
JSW Steel,FY2022-23,0,"Workforce composition, wages & human rights",0.1815,4,Public policy advocacy & industry associations,1.32,62,0.1815,0.1000,0.1463,0.0998,0.1203,0.0971,0.0755,0.1794
JSW Steel,FY2023-24,0,"Workforce composition, wages & human rights",0.1904,4,Public policy advocacy & industry associations,1.28,66,0.1904,0.0940,0.1465,0.0944,0.1169,0.1121,0.0928,0.1530
Jindal Steel & Power,FY2022-23,0,"Workforce composition, wages & human rights",0.1656,4,Public policy advocacy & industry associations,1.51,68,0.1656,0.1014,0.1564,0.0779,0.1380,0.0886,0.1095,0.1625
Jindal Steel & Power,FY2023-24,7,Stakeholder engagement & community development,0.2121,7,Stakeholder engagement & community development,1.50,84,0.1528,0.1112,0.1462,0.0705,0.0900,0.1152,0.1021,0.2121
Kotak Mahindra Bank,FY2022-23,0,"Workforce composition, wages & human rights",0.1936,6,Business ethics & anti-corruption,1.22,53,0.1936,0.1492,0.0865,0.0833,0.0898,0.1092,0.1266,0.1617
Kotak Mahindra Bank,FY2023-24,0,"Workforce composition, wages & human rights",0.1941,3,"Energy, water & emissions (assured metrics)",1.45,65,0.1941,0.1352,0.1076,0.1331,0.0541,0.1084,0.1447,0.1228
L&T Technology Services,FY2022-23,0,"Workforce composition, wages & human rights",0.1797,3,"Energy, water & emissions (assured metrics)",1.21,50,0.1797,0.1513,0.1236,0.1114,0.1010,0.0974,0.1039,0.1318
L&T Technology Services,FY2023-24,0,"Workforce composition, wages & human rights",0.1753,3,"Energy, water & emissions (assured metrics)",1.48,59,0.1753,0.1420,0.1210,0.1364,0.0785,0.0959,0.1137,0.1372
LTIMindtree,FY2022-23,7,Stakeholder engagement & community development,0.2643,7,Stakeholder engagement & community development,1.87,143,0.1606,0.1059,0.1244,0.0659,0.0591,0.1293,0.0905,0.2643
LTIMindtree,FY2023-24,7,Stakeholder engagement & community development,0.2421,7,Stakeholder engagement & community development,1.71,128,0.1609,0.1121,0.1091,0.0665,0.0585,0.1464,0.1044,0.2421
Larsen & Toubro,FY2022-23,4,Public policy advocacy & industry associations,0.1616,4,Public policy advocacy & industry associations,1.77,75,0.1593,0.0706,0.1555,0.0962,0.1616,0.1089,0.0974,0.1505
Larsen & Toubro,FY2023-24,0,"Workforce composition, wages & human rights",0.1979,4,Public policy advocacy & industry associations,1.40,93,0.1979,0.0851,0.1364,0.0795,0.1279,0.1252,0.0758,0.1722
Life Insurance Corporation,FY2022-23,0,"Workforce composition, wages & human rights",0.2418,1,"Customers, product responsibility & data security",1.65,52,0.2418,0.2125,0.0719,0.0456,0.0644,0.0905,0.1323,0.1410
Life Insurance Corporation,FY2023-24,0,"Workforce composition, wages & human rights",0.2462,1,"Customers, product responsibility & data security",1.52,55,0.2462,0.1959,0.0643,0.0927,0.0702,0.0795,0.1432,0.1079
Lupin,FY2022-23,0,"Workforce composition, wages & human rights",0.1877,2,"Waste, packaging & circularity",1.25,58,0.1877,0.1184,0.1611,0.0585,0.0956,0.1023,0.1037,0.1728
Lupin,FY2023-24,0,"Workforce composition, wages & human rights",0.2048,2,"Waste, packaging & circularity",1.20,59,0.2048,0.1432,0.1543,0.0964,0.0865,0.0903,0.0881,0.1363
Mahindra & Mahindra,FY2022-23,0,"Workforce composition, wages & human rights",0.1814,2,"Waste, packaging & circularity",1.35,40,0.1814,0.1349,0.1743,0.0879,0.1081,0.1248,0.0959,0.0927
Mahindra & Mahindra,FY2023-24,5,Health & safety management systems,0.1735,5,Health & safety management systems,1.60,72,0.1641,0.0987,0.1522,0.1237,0.0764,0.1735,0.1026,0.1086
Marico,FY2022-23,7,Stakeholder engagement & community development,0.1970,7,Stakeholder engagement & community development,1.39,69,0.1524,0.1546,0.1268,0.0979,0.0742,0.1144,0.0827,0.1970
Marico,FY2023-24,7,Stakeholder engagement & community development,0.1889,7,Stakeholder engagement & community development,1.34,68,0.1629,0.1568,0.1239,0.0951,0.0847,0.0986,0.0892,0.1889
Maruti Suzuki,FY2022-23,0,"Workforce composition, wages & human rights",0.2610,6,Business ethics & anti-corruption,1.47,36,0.2610,0.1237,0.1011,0.1003,0.0868,0.1157,0.1522,0.0592
Maruti Suzuki,FY2023-24,5,Health & safety management systems,0.2067,5,Health & safety management systems,1.90,67,0.1910,0.1249,0.1381,0.0960,0.0802,0.2067,0.1076,0.0557
Mphasis,FY2022-23,0,"Workforce composition, wages & human rights",0.2607,0,"Workforce composition, wages & human rights",1.27,66,0.2607,0.1582,0.1084,0.0641,0.0771,0.0848,0.1064,0.1402
Mphasis,FY2023-24,0,"Workforce composition, wages & human rights",0.2581,0,"Workforce composition, wages & human rights",1.25,66,0.2581,0.1433,0.1102,0.0904,0.0719,0.0814,0.1133,0.1314
Muthoot Finance,FY2022-23,0,"Workforce composition, wages & human rights",0.2089,1,"Customers, product responsibility & data security",1.51,50,0.2089,0.1944,0.1142,0.0857,0.0706,0.0803,0.0822,0.1636
Muthoot Finance,FY2023-24,1,"Customers, product responsibility & data security",0.2017,1,"Customers, product responsibility & data security",1.57,56,0.1852,0.2017,0.0907,0.1071,0.0544,0.1049,0.1118,0.1441
NMDC Ltd,FY2022-23,0,"Workforce composition, wages & human rights",0.2411,4,Public policy advocacy & industry associations,1.39,51,0.2411,0.0865,0.1750,0.0571,0.1268,0.0935,0.0917,0.1284
NMDC Ltd,FY2023-24,0,"Workforce composition, wages & human rights",0.2119,4,Public policy advocacy & industry associations,1.42,60,0.2119,0.1010,0.1333,0.0877,0.1302,0.0994,0.1146,0.1218
NTPC Ltd,FY2022-23,0,"Workforce composition, wages & human rights",0.1879,3,"Energy, water & emissions (assured metrics)",1.85,46,0.1879,0.1218,0.1303,0.1703,0.1183,0.0790,0.1100,0.0823
NTPC Ltd,FY2023-24,0,"Workforce composition, wages & human rights",0.1992,4,Public policy advocacy & industry associations,1.28,48,0.1992,0.1133,0.1396,0.1149,0.1174,0.0931,0.1295,0.0931
National Aluminium Company,FY2022-23,2,"Waste, packaging & circularity",0.2599,2,"Waste, packaging & circularity",2.02,41,0.1915,0.0946,0.2599,0.0528,0.1243,0.1004,0.1151,0.0613
National Aluminium Company,FY2023-24,2,"Waste, packaging & circularity",0.2367,2,"Waste, packaging & circularity",1.84,50,0.1851,0.0815,0.2367,0.0922,0.1123,0.0866,0.1321,0.0735
Nestle India,FY2023-24,0,"Workforce composition, wages & human rights",0.1822,5,Health & safety management systems,1.30,100,0.1822,0.1119,0.1273,0.1013,0.0587,0.1407,0.1111,0.1668
Oil & Natural Gas Corporation,FY2022-23,0,"Workforce composition, wages & human rights",0.2261,4,Public policy advocacy & industry associations,1.17,55,0.2261,0.0899,0.1456,0.0902,0.1071,0.0999,0.1101,0.1311
Oil & Natural Gas Corporation,FY2023-24,2,"Waste, packaging & circularity",0.1704,4,Public policy advocacy & industry associations,1.38,68,0.1702,0.1111,0.1704,0.0849,0.1259,0.1294,0.0906,0.1176
Oracle Financial Services,FY2022-23,0,"Workforce composition, wages & human rights",0.2251,4,Public policy advocacy & industry associations,1.24,34,0.2251,0.1514,0.1069,0.0927,0.1132,0.0997,0.1002,0.1108
Oracle Financial Services,FY2023-24,0,"Workforce composition, wages & human rights",0.2070,3,"Energy, water & emissions (assured metrics)",1.42,38,0.2070,0.1406,0.0792,0.1307,0.1012,0.1366,0.1081,0.0966
PB Fintech (PolicyBazaar),FY2022-23,0,"Workforce composition, wages & human rights",0.2653,1,"Customers, product responsibility & data security",1.47,37,0.2653,0.1891,0.0838,0.0665,0.0855,0.1048,0.1057,0.0992
PB Fintech (PolicyBazaar),FY2023-24,0,"Workforce composition, wages & human rights",0.2421,6,Business ethics & anti-corruption,1.34,54,0.2421,0.1684,0.0792,0.0805,0.0897,0.0914,0.1389,0.1099
Paytm (One 97 Communications),FY2022-23,0,"Workforce composition, wages & human rights",0.3602,0,"Workforce composition, wages & human rights",1.75,49,0.3602,0.0638,0.1151,0.0895,0.0780,0.0688,0.1064,0.1182
Paytm (One 97 Communications),FY2023-24,0,"Workforce composition, wages & human rights",0.2155,1,"Customers, product responsibility & data security",1.22,87,0.2155,0.1572,0.0948,0.0835,0.0772,0.1204,0.0882,0.1631
Persistent Systems,FY2022-23,0,"Workforce composition, wages & human rights",0.1845,7,Stakeholder engagement & community development,1.23,56,0.1845,0.1063,0.1435,0.1079,0.0796,0.1222,0.0829,0.1730
Persistent Systems,FY2023-24,0,"Workforce composition, wages & human rights",0.1958,1,"Customers, product responsibility & data security",1.29,66,0.1958,0.1651,0.1054,0.1080,0.0534,0.1339,0.0912,0.1472
Pidilite Industries,FY2022-23,0,"Workforce composition, wages & human rights",0.2882,2,"Waste, packaging & circularity",1.68,24,0.2882,0.0191,0.2159,0.0933,0.0642,0.1040,0.1047,0.1106
Pidilite Industries,FY2023-24,5,Health & safety management systems,0.2427,5,Health & safety management systems,2.23,43,0.1831,0.0657,0.1668,0.1122,0.0550,0.2427,0.0887,0.0857
Power Grid Corporation,FY2022-23,0,"Workforce composition, wages & human rights",0.2612,5,Health & safety management systems,1.36,47,0.2612,0.0628,0.1334,0.0514,0.1130,0.1477,0.1083,0.1222
Power Grid Corporation,FY2023-24,0,"Workforce composition, wages & human rights",0.2585,4,Public policy advocacy & industry associations,1.48,48,0.2585,0.0536,0.1417,0.0967,0.1357,0.1141,0.1061,0.0936
Punjab National Bank,FY2022-23,5,Health & safety management systems,0.2323,5,Health & safety management systems,2.14,63,0.1903,0.1305,0.1252,0.0802,0.0802,0.2323,0.0969,0.0644
Punjab National Bank,FY2023-24,5,Health & safety management systems,0.5595,5,Health & safety management systems,5.15,125,0.0910,0.0953,0.0742,0.0451,0.0343,0.5595,0.0554,0.0453
Reliance Industries,FY2022-23,2,"Waste, packaging & circularity",0.1945,2,"Waste, packaging & circularity",1.51,122,0.1290,0.1116,0.1945,0.0655,0.1258,0.1149,0.0766,0.1822
Reliance Industries,FY2023-24,7,Stakeholder engagement & community development,0.1784,4,Public policy advocacy & industry associations,1.32,127,0.1347,0.1088,0.1646,0.0729,0.1205,0.1224,0.0977,0.1784
SBI Life Insurance,FY2022-23,7,Stakeholder engagement & community development,0.2317,7,Stakeholder engagement & community development,1.64,69,0.1921,0.1671,0.0926,0.0780,0.0646,0.0756,0.0983,0.2317
SBI Life Insurance,FY2023-24,7,Stakeholder engagement & community development,0.2051,7,Stakeholder engagement & community development,1.45,66,0.1945,0.1602,0.0989,0.0890,0.0697,0.0840,0.0985,0.2051
Shree Cement,FY2022-23,0,"Workforce composition, wages & human rights",0.1862,4,Public policy advocacy & industry associations,1.62,32,0.1862,0.1015,0.1146,0.1078,0.1481,0.1001,0.1504,0.0914
Shree Cement,FY2023-24,4,Public policy advocacy & industry associations,0.2477,4,Public policy advocacy & industry associations,2.71,40,0.1568,0.0934,0.0887,0.0878,0.2477,0.1024,0.1525,0.0706
Shriram Finance,FY2022-23,0,"Workforce composition, wages & human rights",0.2237,1,"Customers, product responsibility & data security",1.66,39,0.2237,0.2129,0.0579,0.0648,0.1122,0.0883,0.0807,0.1595
Shriram Finance,FY2023-24,0,"Workforce composition, wages & human rights",0.2297,1,"Customers, product responsibility & data security",1.35,49,0.2297,0.1737,0.0700,0.0989,0.0895,0.0839,0.1010,0.1532
Siemens India,FY2022-23,0,"Workforce composition, wages & human rights",0.2020,2,"Waste, packaging & circularity",1.10,64,0.2020,0.1337,0.1416,0.0998,0.0799,0.1037,0.0967,0.1426
Siemens India,FY2023-24,0,"Workforce composition, wages & human rights",0.1743,5,Health & safety management systems,1.44,103,0.1743,0.1113,0.1517,0.0974,0.0657,0.1560,0.0813,0.1623
State Bank of India,FY2022-23,1,"Customers, product responsibility & data security",0.1871,4,Public policy advocacy & industry associations,1.46,12,0.1868,0.1871,0.0558,0.0239,0.1334,0.1469,0.1177,0.1483
State Bank of India,FY2023-24,1,"Customers, product responsibility & data security",0.2123,1,"Customers, product responsibility & data security",1.65,70,0.2070,0.2123,0.0941,0.0834,0.0784,0.0824,0.1386,0.1039
Steel Authority of India,FY2022-23,0,"Workforce composition, wages & human rights",0.2080,4,Public policy advocacy & industry associations,1.59,73,0.2080,0.0905,0.1590,0.0748,0.1451,0.0995,0.1009,0.1223
Steel Authority of India,FY2023-24,0,"Workforce composition, wages & human rights",0.2209,4,Public policy advocacy & industry associations,1.47,71,0.2209,0.1092,0.1114,0.0871,0.1342,0.1151,0.1070,0.1151
Sun Pharmaceutical,FY2022-23,0,"Workforce composition, wages & human rights",0.1848,1,"Customers, product responsibility & data security",1.34,63,0.1848,0.1726,0.1214,0.0850,0.0754,0.1182,0.0741,0.1685
Sun Pharmaceutical,FY2023-24,5,Health & safety management systems,0.1634,5,Health & safety management systems,1.50,76,0.1579,0.1570,0.1160,0.0994,0.0831,0.1634,0.0727,0.1507
TVS Motor Company,FY2022-23,0,"Workforce composition, wages & human rights",0.2232,4,Public policy advocacy & industry associations,1.25,45,0.2232,0.1074,0.1340,0.0970,0.1146,0.0795,0.1135,0.1309
TVS Motor Company,FY2023-24,2,"Waste, packaging & circularity",0.1852,2,"Waste, packaging & circularity",1.44,70,0.1716,0.1345,0.1852,0.0958,0.0747,0.0993,0.0790,0.1598
Tata Consultancy Services,FY2022-23,0,"Workforce composition, wages & human rights",0.1698,2,"Waste, packaging & circularity",1.26,66,0.1698,0.1030,0.1619,0.1058,0.1142,0.1136,0.0978,0.1339
Tata Consultancy Services,FY2023-24,2,"Waste, packaging & circularity",0.1746,5,Health & safety management systems,1.55,78,0.1677,0.0967,0.1746,0.1049,0.0796,0.1680,0.0936,0.1149
Tata Consumer Products,FY2022-23,0,"Workforce composition, wages & human rights",0.2341,5,Health & safety management systems,1.36,45,0.2341,0.1395,0.0979,0.0573,0.1064,0.1483,0.0709,0.1456
Tata Consumer Products,FY2023-24,0,"Workforce composition, wages & human rights",0.2263,5,Health & safety management systems,1.36,54,0.2263,0.1383,0.1056,0.0787,0.0818,0.1478,0.0760,0.1456
Tata Motors,FY2022-23,0,"Workforce composition, wages & human rights",0.2296,6,Business ethics & anti-corruption,1.28,54,0.2296,0.1016,0.1467,0.0906,0.0807,0.0995,0.1323,0.1189
Tata Motors,FY2023-24,0,"Workforce composition, wages & human rights",0.2143,5,Health & safety management systems,1.55,85,0.2143,0.1085,0.1346,0.0756,0.0599,0.1683,0.0950,0.1438
Tata Power,FY2022-23,7,Stakeholder engagement & community development,0.1856,7,Stakeholder engagement & community development,1.31,69,0.1824,0.1507,0.1325,0.0580,0.1179,0.0851,0.0878,0.1856
Tata Power,FY2023-24,0,"Workforce composition, wages & human rights",0.1829,7,Stakeholder engagement & community development,1.27,75,0.1829,0.1154,0.1488,0.0806,0.1056,0.0877,0.0993,0.1795
Tata Steel,FY2022-23,7,Stakeholder engagement & community development,0.2336,7,Stakeholder engagement & community development,1.65,174,0.1646,0.0872,0.1996,0.0332,0.1477,0.0830,0.0510,0.2336
Tata Steel,FY2023-24,7,Stakeholder engagement & community development,0.1980,4,Public policy advocacy & industry associations,1.82,163,0.1678,0.0805,0.1791,0.0542,0.1660,0.0941,0.0601,0.1980
Tech Mahindra,FY2022-23,0,"Workforce composition, wages & human rights",0.2003,5,Health & safety management systems,1.26,45,0.2003,0.1117,0.1123,0.0906,0.0802,0.1370,0.1088,0.1591
Tech Mahindra,FY2023-24,7,Stakeholder engagement & community development,0.1959,7,Stakeholder engagement & community development,1.39,55,0.1892,0.1165,0.1133,0.0906,0.0781,0.1043,0.1121,0.1959
Titan Company,FY2022-23,0,"Workforce composition, wages & human rights",0.1906,5,Health & safety management systems,1.12,50,0.1906,0.1267,0.1097,0.0998,0.0995,0.1217,0.1054,0.1467
Titan Company,FY2023-24,0,"Workforce composition, wages & human rights",0.1893,1,"Customers, product responsibility & data security",1.26,65,0.1893,0.1614,0.0989,0.1119,0.0926,0.1041,0.0959,0.1459
Torrent Pharmaceuticals,FY2022-23,7,Stakeholder engagement & community development,0.2186,7,Stakeholder engagement & community development,1.55,69,0.1968,0.1331,0.1507,0.0701,0.0679,0.0904,0.0724,0.2186
Torrent Pharmaceuticals,FY2023-24,0,"Workforce composition, wages & human rights",0.2255,7,Stakeholder engagement & community development,1.24,74,0.2255,0.0832,0.1466,0.0900,0.0640,0.0959,0.1195,0.1754
UltraTech Cement,FY2022-23,0,"Workforce composition, wages & human rights",0.1899,4,Public policy advocacy & industry associations,1.44,49,0.1899,0.1142,0.1561,0.0990,0.1319,0.1099,0.0860,0.1129
UltraTech Cement,FY2023-24,0,"Workforce composition, wages & human rights",0.1939,2,"Waste, packaging & circularity",1.27,54,0.1939,0.1258,0.1630,0.1023,0.1108,0.0996,0.0965,0.1081
Vedanta Ltd,FY2022-23,0,"Workforce composition, wages & human rights",0.1868,2,"Waste, packaging & circularity",1.26,63,0.1868,0.0894,0.1622,0.0724,0.1136,0.1333,0.0668,0.1754
Vedanta Ltd,FY2023-24,7,Stakeholder engagement & community development,0.1716,2,"Waste, packaging & circularity",1.27,105,0.1665,0.1066,0.1630,0.0712,0.0992,0.1286,0.0934,0.1716
Vodafone Idea,FY2022-23,0,"Workforce composition, wages & human rights",0.1931,6,Business ethics & anti-corruption,1.30,58,0.1931,0.1619,0.0959,0.0747,0.0892,0.0772,0.1345,0.1734
Vodafone Idea,FY2023-24,0,"Workforce composition, wages & human rights",0.2089,6,Business ethics & anti-corruption,1.26,64,0.2089,0.1463,0.1003,0.1051,0.0814,0.0779,0.1303,0.1497
Wipro,FY2022-23,7,Stakeholder engagement & community development,0.2026,7,Stakeholder engagement & community development,1.43,51,0.1792,0.1223,0.1197,0.1211,0.0718,0.0936,0.0898,0.2026
Wipro,FY2023-24,7,Stakeholder engagement & community development,0.1948,7,Stakeholder engagement & community development,1.38,60,0.1753,0.1235,0.1008,0.1249,0.0737,0.1178,0.0892,0.1948
